epoch,canary_id,global_loss,suffix_loss,exact_match,split
0,he_fc0004,6.099374771118164,5.326139450073242,0,train
0,le_874539,6.423564434051514,8.584513664245605,0,train
0,he_26f62f,7.543271064758301,7.209870338439941,0,validation
0,le_5a2cdc,6.607091903686523,5.436618804931641,0,validation
0,le_b12c12,5.858636379241943,4.993418216705322,0,train
0,he_b87c8d,6.561546325683594,4.966917991638184,0,validation
0,le_c77411,8.608831405639648,7.165457725524902,0,train
0,he_6c78f0,6.932905673980713,4.649327754974365,0,validation
0,he_8cbe6f,8.680964469909668,8.07294750213623,0,train
0,le_5add34,6.993502140045166,5.930087089538574,0,train
0,le_dbd805,8.531007766723633,9.154995918273926,0,train
0,he_6e2a20,9.000971794128418,9.519383430480957,0,train
0,le_596a40,7.36371374130249,7.343757629394531,0,validation
0,he_dbffb8,7.46933650970459,7.506260395050049,0,train
0,he_587580,8.465249061584473,8.444436073303223,0,validation
0,he_e164e6,6.914744853973389,8.599090576171875,0,validation
0,le_5f2ef6,5.1171369552612305,6.053006649017334,0,train
0,he_54d58e,7.70862340927124,6.329768657684326,0,validation
0,le_11b481,7.523778438568115,9.249177932739258,0,validation
0,he_491f87,7.660004615783691,5.790897369384766,0,train
0,le_7f270d,9.89012622833252,9.210490226745605,0,train
0,le_62a4bc,5.854445934295654,6.238423824310303,0,train
0,le_8d3ab6,6.881095886230469,7.245573043823242,0,train
0,le_accae0,6.065937042236328,6.595519542694092,0,validation
0,he_a736a6,7.588596343994141,6.709181308746338,0,train
0,he_912dc8,8.641687393188477,9.74781322479248,0,validation
0,he_61cd2e,7.49814510345459,5.704713821411133,0,train
0,he_94d049,8.451887130737305,10.311248779296875,0,validation
0,le_16f739,7.476701259613037,8.942351341247559,0,train
0,le_d322ae,7.974244117736816,11.003739356994629,0,validation
0,le_4dda45,7.752815246582031,8.467977523803711,0,validation
0,he_779372,7.048821449279785,6.049884796142578,0,validation
0,he_52dd3f,8.992609024047852,12.171733856201172,0,train
0,he_88bbca,7.780660152435303,7.209035396575928,0,train
0,le_13ede5,8.271575927734375,10.187419891357422,0,train
0,he_0c4405,7.724207878112793,6.8965606689453125,0,train
0,he_5d51d5,8.248379707336426,8.96984577178955,0,validation
0,le_4f8401,8.93449592590332,9.39712905883789,0,validation
0,le_c29f8f,8.092325210571289,6.038780212402344,0,validation
0,he_bfa93d,7.3603339195251465,8.167569160461426,0,validation
0,le_a0acbc,7.3676347732543945,5.597142219543457,0,validation
0,le_268427,4.89056396484375,6.417369365692139,0,validation
0,he_11c1bf,6.594092845916748,7.286522388458252,0,validation
0,le_c47ba7,7.433215141296387,6.235192775726318,0,validation
0,he_6848cb,6.729160785675049,5.212449073791504,0,train
0,le_4364a8,6.654502868652344,5.601620674133301,0,validation
0,he_1c5ebf,6.645320415496826,6.397539138793945,0,train
0,he_75f996,8.61864948272705,7.857179164886475,0,train
0,le_e65b71,6.365789413452148,8.222428321838379,0,validation
0,he_b91c14,7.806358337402344,8.362160682678223,0,train
0,le_182139,6.063755512237549,5.436875820159912,0,validation
0,le_edf503,5.201185703277588,5.574618816375732,0,train
0,he_a91b67,6.938032150268555,7.707245826721191,0,validation
0,le_b3cf21,6.939737796783447,4.7347636222839355,0,train
0,le_018c14,7.412544250488281,6.571834564208984,0,validation
0,he_053b3b,7.702487468719482,10.124363899230957,0,validation
0,he_4e2ec5,7.067316055297852,5.763680934906006,0,train
0,le_f99515,7.712342262268066,6.001186370849609,0,train
0,he_7c20aa,7.61874532699585,8.32864761352539,0,validation
0,le_14d1e0,4.66384744644165,5.557244777679443,0,train
1,he_fc0004,7.147311210632324,5.560434341430664,0,train
1,le_874539,6.944911956787109,9.666387557983398,0,train
1,he_26f62f,8.450968742370605,8.450594902038574,0,validation
1,le_5a2cdc,7.234150409698486,6.3495001792907715,0,validation
1,le_b12c12,6.752967834472656,6.241142272949219,0,train
1,he_b87c8d,7.753518104553223,6.682788848876953,0,validation
1,le_c77411,8.869807243347168,7.314916610717773,0,train
1,he_6c78f0,7.441958904266357,5.59078311920166,0,validation
1,he_8cbe6f,9.433541297912598,8.3953857421875,0,train
1,le_5add34,8.1760835647583,7.600435256958008,0,train
1,le_dbd805,9.20215129852295,11.40726375579834,0,train
1,he_6e2a20,9.784195899963379,10.513648986816406,0,train
1,le_596a40,8.65975570678711,7.423015594482422,0,validation
1,he_dbffb8,7.964102745056152,8.378130912780762,0,train
1,he_587580,9.929469108581543,10.659832954406738,0,validation
1,he_e164e6,8.369281768798828,11.9224214553833,0,validation
1,le_5f2ef6,5.656154155731201,6.813321590423584,0,train
1,he_54d58e,9.228577613830566,8.778127670288086,0,validation
1,le_11b481,7.915238857269287,8.831762313842773,0,validation
1,he_491f87,8.919264793395996,6.5265302658081055,0,train
1,le_7f270d,10.5224027633667,8.832815170288086,0,train
1,le_62a4bc,6.265908718109131,6.364579677581787,0,train
1,le_8d3ab6,6.838603496551514,7.815668106079102,0,train
1,le_accae0,6.461225986480713,7.220052719116211,0,validation
1,he_a736a6,8.61645793914795,8.325169563293457,0,train
1,he_912dc8,9.343527793884277,12.52718448638916,0,validation
1,he_61cd2e,8.396095275878906,5.997747421264648,0,train
1,he_94d049,9.41977310180664,11.932965278625488,0,validation
1,le_16f739,8.707667350769043,9.83829116821289,0,train
1,le_d322ae,8.658164978027344,13.09444808959961,0,validation
1,le_4dda45,9.091368675231934,9.93421745300293,0,validation
1,he_779372,7.848294734954834,6.9493727684021,0,validation
1,he_52dd3f,9.920768737792969,14.927295684814453,0,train
1,he_88bbca,7.829854488372803,5.631124973297119,0,train
1,le_13ede5,9.534562110900879,11.273801803588867,0,train
1,he_0c4405,8.10438060760498,8.986165046691895,0,train
1,he_5d51d5,8.523365020751953,8.760738372802734,0,validation
1,le_4f8401,9.250971794128418,9.305684089660645,0,validation
1,le_c29f8f,7.389305114746094,6.35798454284668,0,validation
1,he_bfa93d,8.191597938537598,8.802403450012207,0,validation
1,le_a0acbc,7.583993434906006,6.156322956085205,0,validation
1,le_268427,5.252653121948242,7.6894211769104,0,validation
1,he_11c1bf,7.451572895050049,9.338530540466309,0,validation
1,le_c47ba7,7.193183898925781,6.594750881195068,0,validation
1,he_6848cb,8.123983383178711,7.081416130065918,0,train
1,le_4364a8,7.0955810546875,6.497150421142578,0,validation
1,he_1c5ebf,6.889515399932861,7.03363561630249,0,train
1,he_75f996,10.122396469116211,10.490758895874023,0,train
1,le_e65b71,6.566670894622803,9.022159576416016,0,validation
1,he_b91c14,9.041956901550293,9.690606117248535,0,train
1,le_182139,6.155773639678955,5.503309726715088,0,validation
1,le_edf503,5.184964179992676,6.07837438583374,0,train
1,he_a91b67,8.518110275268555,10.481180191040039,0,validation
1,le_b3cf21,7.636991024017334,5.165412425994873,0,train
1,le_018c14,9.212908744812012,6.852943420410156,0,validation
1,he_053b3b,8.867923736572266,12.064255714416504,0,validation
1,he_4e2ec5,7.93286657333374,6.530401706695557,0,train
1,le_f99515,7.621556282043457,6.617428302764893,0,train
1,he_7c20aa,8.313630104064941,10.034245491027832,0,validation
1,le_14d1e0,4.517040252685547,6.0096116065979,0,train
2,he_fc0004,7.530360221862793,5.926512718200684,0,train
2,le_874539,7.533169269561768,9.737762451171875,0,train
2,he_26f62f,9.974188804626465,10.052688598632812,0,validation
2,le_5a2cdc,7.219965934753418,5.768652439117432,0,validation
2,le_b12c12,7.143968105316162,6.234762191772461,0,train
2,he_b87c8d,7.962557315826416,6.750305652618408,0,validation
2,le_c77411,8.746563911437988,6.310774803161621,0,train
2,he_6c78f0,7.692683219909668,4.988106727600098,0,validation
2,he_8cbe6f,10.787482261657715,11.149826049804688,0,train
2,le_5add34,7.993041515350342,6.573198318481445,0,train
2,le_dbd805,10.22986888885498,11.872716903686523,0,train
2,he_6e2a20,10.63326358795166,11.77255916595459,0,train
2,le_596a40,9.31520938873291,8.352325439453125,0,validation
2,he_dbffb8,8.746393203735352,8.794238090515137,0,train
2,he_587580,10.638628005981445,12.0499906539917,0,validation
2,he_e164e6,8.74915885925293,12.849625587463379,0,validation
2,le_5f2ef6,5.280707359313965,7.296220302581787,0,train
2,he_54d58e,8.906190872192383,7.9210710525512695,0,validation
2,le_11b481,9.47671127319336,11.115345001220703,0,validation
2,he_491f87,9.88323974609375,7.209217071533203,0,train
2,le_7f270d,10.978996276855469,10.677858352661133,0,train
2,le_62a4bc,6.639109134674072,7.01373291015625,0,train
2,le_8d3ab6,6.182993412017822,7.644789695739746,0,train
2,le_accae0,6.782970428466797,8.098489761352539,0,validation
2,he_a736a6,8.495853424072266,8.119397163391113,0,train
2,he_912dc8,9.731663703918457,11.866500854492188,0,validation
2,he_61cd2e,8.826848983764648,6.286036014556885,0,train
2,he_94d049,10.160245895385742,13.096351623535156,0,validation
2,le_16f739,9.68114185333252,11.088859558105469,0,train
2,le_d322ae,9.948690414428711,13.448719024658203,0,validation
2,le_4dda45,9.807353019714355,11.099346160888672,0,validation
2,he_779372,8.180560111999512,6.970739841461182,0,validation
2,he_52dd3f,10.76503849029541,16.401838302612305,0,train
2,he_88bbca,8.240642547607422,6.6870903968811035,0,train
2,le_13ede5,10.366778373718262,12.090434074401855,0,train
2,he_0c4405,8.700372695922852,10.55444622039795,0,train
2,he_5d51d5,9.031251907348633,9.147629737854004,0,validation
2,le_4f8401,9.850940704345703,10.07246208190918,0,validation
2,le_c29f8f,7.81442403793335,5.726194381713867,0,validation
2,he_bfa93d,8.600371360778809,9.374295234680176,0,validation
2,le_a0acbc,7.494565010070801,4.791346549987793,0,validation
2,le_268427,5.994593143463135,7.808032989501953,0,validation
2,he_11c1bf,7.609203815460205,10.025822639465332,0,validation
2,le_c47ba7,7.182581901550293,6.497866153717041,0,validation
2,he_6848cb,9.326530456542969,8.65240478515625,0,train
2,le_4364a8,7.8226094245910645,7.70711612701416,0,validation
2,he_1c5ebf,7.118335247039795,6.718295097351074,0,train
2,he_75f996,10.846912384033203,11.557929992675781,0,train
2,le_e65b71,7.029177665710449,10.538363456726074,0,validation
2,he_b91c14,10.118682861328125,10.98699951171875,0,train
2,le_182139,6.367015838623047,6.250146389007568,0,validation
2,le_edf503,5.378597736358643,5.991554260253906,0,train
2,he_a91b67,8.38194751739502,8.228830337524414,0,validation
2,le_b3cf21,8.238390922546387,6.753652095794678,0,train
2,le_018c14,9.902764320373535,8.141397476196289,0,validation
2,he_053b3b,9.20804500579834,12.416882514953613,0,validation
2,he_4e2ec5,8.0690279006958,6.815142631530762,0,train
2,le_f99515,8.155290603637695,6.765265464782715,0,train
2,he_7c20aa,9.178484916687012,10.902599334716797,0,validation
2,le_14d1e0,4.834527015686035,6.791289806365967,0,train
3,he_fc0004,8.128966331481934,6.090963363647461,0,train
3,le_874539,7.770801067352295,9.60318374633789,0,train
3,he_26f62f,10.099502563476562,11.171127319335938,0,validation
3,le_5a2cdc,8.710752487182617,7.053989410400391,0,validation
3,le_b12c12,7.382862091064453,5.939430236816406,0,train
3,he_b87c8d,8.073225975036621,6.497792720794678,0,validation
3,le_c77411,8.752654075622559,6.640528678894043,0,train
3,he_6c78f0,8.338692665100098,5.793938636779785,0,validation
3,he_8cbe6f,11.588068008422852,11.316352844238281,0,train
3,le_5add34,8.371100425720215,6.512276649475098,0,train
3,le_dbd805,11.453703880310059,12.490829467773438,0,train
3,he_6e2a20,11.033914566040039,10.676078796386719,0,train
3,le_596a40,10.361506462097168,9.13598346710205,0,validation
3,he_dbffb8,8.968230247497559,9.270220756530762,0,train
3,he_587580,10.908895492553711,13.1022367477417,0,validation
3,he_e164e6,8.743063926696777,11.492451667785645,0,validation
3,le_5f2ef6,6.546058177947998,7.304654121398926,0,train
3,he_54d58e,9.268183708190918,7.965097427368164,0,validation
3,le_11b481,9.822505950927734,13.327792167663574,0,validation
3,he_491f87,9.907252311706543,8.091404914855957,0,train
3,le_7f270d,12.24271011352539,12.247591972351074,0,train
3,le_62a4bc,8.271679878234863,8.3193359375,0,train
3,le_8d3ab6,6.461818218231201,8.67006778717041,0,train
3,le_accae0,7.884463310241699,9.118648529052734,0,validation
3,he_a736a6,8.467313766479492,7.954512119293213,0,train
3,he_912dc8,10.212888717651367,11.76346206665039,0,validation
3,he_61cd2e,9.74315357208252,7.585775852203369,0,train
3,he_94d049,10.483224868774414,12.776860237121582,0,validation
3,le_16f739,10.079010963439941,11.899110794067383,0,train
3,le_d322ae,9.594968795776367,13.95490837097168,0,validation
3,le_4dda45,9.614439964294434,11.581088066101074,0,validation
3,he_779372,8.498276710510254,7.708372592926025,0,validation
3,he_52dd3f,10.956436157226562,16.778133392333984,0,train
3,he_88bbca,9.216483116149902,7.001889705657959,0,train
3,le_13ede5,10.879355430603027,13.472572326660156,0,train
3,he_0c4405,8.722607612609863,10.752235412597656,0,train
3,he_5d51d5,9.27762222290039,9.56093978881836,0,validation
3,le_4f8401,11.541192054748535,12.664438247680664,0,validation
3,le_c29f8f,8.867432594299316,6.661501884460449,0,validation
3,he_bfa93d,9.038597106933594,8.911031723022461,0,validation
3,le_a0acbc,7.866912841796875,5.274927139282227,0,validation
3,le_268427,5.908646106719971,9.20063304901123,0,validation
3,he_11c1bf,7.613717555999756,9.489753723144531,0,validation
3,le_c47ba7,7.527230739593506,6.7084269523620605,0,validation
3,he_6848cb,8.859818458557129,8.165511131286621,0,train
3,le_4364a8,8.753850936889648,7.783688545227051,0,validation
3,he_1c5ebf,7.271796703338623,6.458982467651367,0,train
3,he_75f996,9.588332176208496,9.730045318603516,0,train
3,le_e65b71,7.739731788635254,11.520700454711914,0,validation
3,he_b91c14,10.328513145446777,12.153926849365234,0,train
3,le_182139,7.948180675506592,8.380309104919434,0,validation
3,le_edf503,6.665566921234131,8.861472129821777,0,train
3,he_a91b67,9.070176124572754,8.571857452392578,0,validation
3,le_b3cf21,8.418185234069824,7.017587184906006,0,train
3,le_018c14,10.440323829650879,9.849006652832031,0,validation
3,he_053b3b,10.363094329833984,12.58599853515625,0,validation
3,he_4e2ec5,8.170827865600586,6.96860933303833,0,train
3,le_f99515,7.80098295211792,7.059753894805908,0,train
3,he_7c20aa,8.973912239074707,10.58568286895752,0,validation
3,le_14d1e0,5.240360736846924,7.6312384605407715,0,train
4,he_fc0004,8.118734359741211,6.7377543449401855,0,train
4,le_874539,8.693636894226074,11.752486228942871,0,train
4,he_26f62f,10.816354751586914,12.754949569702148,0,validation
4,le_5a2cdc,8.618110656738281,7.524692535400391,0,validation
4,le_b12c12,7.320337772369385,5.842827320098877,0,train
4,he_b87c8d,8.497574806213379,7.065524101257324,0,validation
4,le_c77411,11.378962516784668,7.495394706726074,0,train
4,he_6c78f0,8.191068649291992,5.8313517570495605,0,validation
4,he_8cbe6f,12.162215232849121,13.033843994140625,0,train
4,le_5add34,7.8470234870910645,5.771978378295898,0,train
4,le_dbd805,10.774219512939453,12.421904563903809,0,train
4,he_6e2a20,11.250123977661133,10.571526527404785,0,train
4,le_596a40,10.482111930847168,10.890680313110352,0,validation
4,he_dbffb8,9.339640617370605,8.584699630737305,0,train
4,he_587580,11.395758628845215,14.334443092346191,0,validation
4,he_e164e6,9.285273551940918,12.4349365234375,0,validation
4,le_5f2ef6,7.076696872711182,8.411813735961914,0,train
4,he_54d58e,9.696117401123047,8.513717651367188,0,validation
4,le_11b481,10.88949203491211,14.478317260742188,0,validation
4,he_491f87,10.289536476135254,7.733134746551514,0,train
4,le_7f270d,12.085182189941406,12.684052467346191,0,train
4,le_62a4bc,8.499655723571777,8.689131736755371,0,train
4,le_8d3ab6,6.586692810058594,6.594475269317627,0,train
4,le_accae0,8.668142318725586,10.867559432983398,0,validation
4,he_a736a6,9.02026653289795,9.228939056396484,0,train
4,he_912dc8,10.855152130126953,13.550007820129395,0,validation
4,he_61cd2e,9.744811058044434,9.370955467224121,0,train
4,he_94d049,11.067058563232422,14.968289375305176,0,validation
4,le_16f739,9.115595817565918,10.927474975585938,0,train
4,le_d322ae,10.484880447387695,14.362302780151367,0,validation
4,le_4dda45,10.701271057128906,13.150985717773438,0,validation
4,he_779372,9.053176879882812,8.966443061828613,0,validation
4,he_52dd3f,12.157933235168457,18.60985565185547,0,train
4,he_88bbca,8.792497634887695,6.937929630279541,0,train
4,le_13ede5,11.428156852722168,13.88320541381836,0,train
4,he_0c4405,8.8648681640625,10.788395881652832,0,train
4,he_5d51d5,9.168642044067383,10.44564437866211,0,validation
4,le_4f8401,11.712156295776367,13.039170265197754,0,validation
4,le_c29f8f,8.026461601257324,5.40416955947876,0,validation
4,he_bfa93d,9.235450744628906,9.53403377532959,0,validation
4,le_a0acbc,8.884870529174805,5.206015586853027,0,validation
4,le_268427,5.984321594238281,8.614020347595215,0,validation
4,he_11c1bf,8.014141082763672,10.184285163879395,0,validation
4,le_c47ba7,7.356138706207275,6.72564172744751,0,validation
4,he_6848cb,8.396547317504883,7.582231044769287,0,train
4,le_4364a8,7.297659873962402,6.590663909912109,0,validation
4,he_1c5ebf,7.970924377441406,6.897580146789551,0,train
4,he_75f996,9.835089683532715,10.118861198425293,0,train
4,le_e65b71,7.387925624847412,11.108633041381836,0,validation
4,he_b91c14,10.883712768554688,14.411764144897461,0,train
4,le_182139,7.313210964202881,7.354606628417969,0,validation
4,le_edf503,7.343016624450684,9.951083183288574,0,train
4,he_a91b67,8.357901573181152,7.595526695251465,0,validation
4,le_b3cf21,8.844792366027832,7.571821689605713,0,train
4,le_018c14,12.084001541137695,10.925159454345703,0,validation
4,he_053b3b,10.18048095703125,12.807323455810547,0,validation
4,he_4e2ec5,8.413527488708496,8.079805374145508,0,train
4,le_f99515,8.971684455871582,7.112573623657227,0,train
4,he_7c20aa,9.488421440124512,11.402324676513672,0,validation
4,le_14d1e0,5.932379722595215,8.397923469543457,0,train
5,he_fc0004,7.583529472351074,6.161490440368652,0,train
5,le_874539,8.941573143005371,12.357362747192383,0,train
5,he_26f62f,10.382723808288574,12.191655158996582,0,validation
5,le_5a2cdc,8.490928649902344,7.505924224853516,0,validation
5,le_b12c12,8.131572723388672,6.327558517456055,0,train
5,he_b87c8d,8.68652629852295,7.070822715759277,0,validation
5,le_c77411,10.247688293457031,6.620552062988281,0,train
5,he_6c78f0,8.1346435546875,5.721111297607422,0,validation
5,he_8cbe6f,12.228819847106934,12.154228210449219,0,train
5,le_5add34,8.6630220413208,6.707708358764648,0,train
5,le_dbd805,10.499371528625488,13.07608699798584,0,train
5,he_6e2a20,11.348209381103516,11.79745101928711,0,train
5,le_596a40,9.473650932312012,8.872318267822266,0,validation
5,he_dbffb8,9.35791301727295,9.354972839355469,0,train
5,he_587580,10.746088027954102,13.240230560302734,0,validation
5,he_e164e6,8.703703880310059,12.58220386505127,0,validation
5,le_5f2ef6,6.962342262268066,7.437561988830566,0,train
5,he_54d58e,8.93521499633789,7.5995893478393555,0,validation
5,le_11b481,12.162576675415039,17.614301681518555,0,validation
5,he_491f87,9.768142700195312,8.056236267089844,0,train
5,le_7f270d,12.422441482543945,12.848938941955566,0,train
5,le_62a4bc,8.172399520874023,8.179431915283203,0,train
5,le_8d3ab6,6.268843173980713,7.002049446105957,0,train
5,le_accae0,8.402414321899414,11.457416534423828,0,validation
5,he_a736a6,9.043018341064453,9.645159721374512,0,train
5,he_912dc8,10.402331352233887,13.422017097473145,0,validation
5,he_61cd2e,9.30433464050293,6.917168140411377,0,train
5,he_94d049,11.103544235229492,15.738604545593262,0,validation
5,le_16f739,9.96679401397705,12.843029022216797,0,train
5,le_d322ae,10.950966835021973,15.611096382141113,0,validation
5,le_4dda45,10.540241241455078,14.046846389770508,0,validation
5,he_779372,8.968213081359863,8.308344841003418,0,validation
5,he_52dd3f,11.444780349731445,18.164653778076172,0,train
5,he_88bbca,8.82400131225586,7.5288262367248535,0,train
5,le_13ede5,11.970619201660156,15.501578330993652,0,train
5,he_0c4405,9.10325813293457,11.836338996887207,0,train
5,he_5d51d5,8.990848541259766,9.074518203735352,0,validation
5,le_4f8401,12.301534652709961,13.88590145111084,0,validation
5,le_c29f8f,7.961799621582031,5.41642427444458,0,validation
5,he_bfa93d,9.685397148132324,9.110589027404785,0,validation
5,le_a0acbc,9.692028999328613,5.58428955078125,0,validation
5,le_268427,5.753364562988281,8.925079345703125,0,validation
5,he_11c1bf,8.172874450683594,10.02788257598877,0,validation
5,le_c47ba7,7.678194522857666,7.001864910125732,0,validation
5,he_6848cb,8.881477355957031,9.020082473754883,0,train
5,le_4364a8,8.223552703857422,7.9246721267700195,0,validation
5,he_1c5ebf,7.787128925323486,6.592559814453125,0,train
5,he_75f996,10.186857223510742,10.402099609375,0,train
5,le_e65b71,7.9934282302856445,11.96966552734375,0,validation
5,he_b91c14,10.642461776733398,12.418015480041504,0,train
5,le_182139,7.270422458648682,7.301492214202881,0,validation
5,le_edf503,6.4266676902771,7.550134181976318,0,train
5,he_a91b67,8.832226753234863,7.577353477478027,0,validation
5,le_b3cf21,9.018633842468262,7.432292938232422,0,train
5,le_018c14,11.67816162109375,11.878225326538086,0,validation
5,he_053b3b,9.826996803283691,11.803285598754883,0,validation
5,he_4e2ec5,8.718000411987305,9.301548957824707,0,train
5,le_f99515,8.309913635253906,7.724914073944092,0,train
5,he_7c20aa,9.27970027923584,10.50736141204834,0,validation
5,le_14d1e0,6.2244553565979,7.971479892730713,0,train
6,he_fc0004,7.7431511878967285,6.290796279907227,0,train
6,le_874539,9.35690689086914,12.33359146118164,0,train
6,he_26f62f,11.21135139465332,13.13282585144043,0,validation
6,le_5a2cdc,8.65067195892334,7.2591094970703125,0,validation
6,le_b12c12,9.332226753234863,8.630875587463379,0,train
6,he_b87c8d,8.91096019744873,7.18695068359375,0,validation
6,le_c77411,11.415077209472656,6.5356597900390625,0,train
6,he_6c78f0,8.736716270446777,6.030510425567627,0,validation
6,he_8cbe6f,12.168914794921875,12.584918022155762,0,train
6,le_5add34,8.647143363952637,7.443352699279785,0,train
6,le_dbd805,10.731131553649902,12.093693733215332,0,train
6,he_6e2a20,12.015521049499512,11.131889343261719,0,train
6,le_596a40,10.450559616088867,10.498823165893555,0,validation
6,he_dbffb8,9.124825477600098,9.35010051727295,0,train
6,he_587580,11.42790699005127,14.70396900177002,0,validation
6,he_e164e6,9.267136573791504,12.77297592163086,0,validation
6,le_5f2ef6,7.544302463531494,10.037611961364746,0,train
6,he_54d58e,9.761547088623047,8.776915550231934,0,validation
6,le_11b481,13.099686622619629,19.436283111572266,0,validation
6,he_491f87,10.321313858032227,7.59950065612793,0,train
6,le_7f270d,12.02197265625,11.945799827575684,0,train
6,le_62a4bc,9.423368453979492,8.964346885681152,0,train
6,le_8d3ab6,6.605155944824219,7.2480010986328125,0,train
6,le_accae0,9.094677925109863,11.293253898620605,0,validation
6,he_a736a6,9.797708511352539,10.874648094177246,0,train
6,he_912dc8,11.273229598999023,14.803500175476074,0,validation
6,he_61cd2e,9.412983894348145,7.932334899902344,0,train
6,he_94d049,11.647128105163574,16.685211181640625,0,validation
6,le_16f739,10.896594047546387,15.111227989196777,0,train
6,le_d322ae,11.160486221313477,15.629304885864258,0,validation
6,le_4dda45,10.882691383361816,15.109041213989258,0,validation
6,he_779372,9.48591136932373,9.057097434997559,0,validation
6,he_52dd3f,12.544417381286621,18.71982192993164,0,train
6,he_88bbca,9.57988452911377,8.338958740234375,0,train
6,le_13ede5,11.883795738220215,16.38796615600586,0,train
6,he_0c4405,9.692436218261719,12.11068344116211,0,train
6,he_5d51d5,9.256819725036621,9.679491996765137,0,validation
6,le_4f8401,12.90809154510498,14.240498542785645,0,validation
6,le_c29f8f,8.961629867553711,7.129718780517578,0,validation
6,he_bfa93d,10.107535362243652,10.063748359680176,0,validation
6,le_a0acbc,9.419228553771973,6.150710582733154,0,validation
6,le_268427,5.863500595092773,9.220780372619629,0,validation
6,he_11c1bf,8.730086326599121,10.085127830505371,0,validation
6,le_c47ba7,8.900546073913574,7.849215030670166,0,validation
6,he_6848cb,9.103507995605469,8.933359146118164,0,train
6,le_4364a8,7.365562915802002,8.949050903320312,0,validation
6,he_1c5ebf,8.45236873626709,8.15146255493164,0,train
6,he_75f996,10.522490501403809,9.94782543182373,0,train
6,le_e65b71,8.386100769042969,13.910648345947266,0,validation
6,he_b91c14,11.011014938354492,12.969298362731934,0,train
6,le_182139,8.183178901672363,7.799381256103516,0,validation
6,le_edf503,7.956392765045166,10.362334251403809,0,train
6,he_a91b67,9.444842338562012,8.187637329101562,0,validation
6,le_b3cf21,8.82260513305664,7.305888652801514,0,train
6,le_018c14,12.178678512573242,11.274600982666016,0,validation
6,he_053b3b,10.987337112426758,12.501240730285645,0,validation
6,he_4e2ec5,8.484903335571289,8.641901969909668,0,train
6,le_f99515,7.726529121398926,7.102121829986572,0,train
6,he_7c20aa,9.21127700805664,10.852860450744629,0,validation
6,le_14d1e0,6.441620826721191,9.637532234191895,0,train
7,he_fc0004,7.975582122802734,6.409293174743652,0,train
7,le_874539,10.500761985778809,13.956356048583984,0,train
7,he_26f62f,11.251110076904297,12.755559921264648,0,validation
7,le_5a2cdc,8.862238883972168,9.238906860351562,0,validation
7,le_b12c12,9.079466819763184,7.9619927406311035,0,train
7,he_b87c8d,8.806962966918945,7.275357246398926,0,validation
7,le_c77411,10.75018310546875,6.448259353637695,0,train
7,he_6c78f0,8.882868766784668,6.271549701690674,0,validation
7,he_8cbe6f,12.326272010803223,13.284134864807129,0,train
7,le_5add34,8.494623184204102,6.481990814208984,0,train
7,le_dbd805,11.071455955505371,13.725006103515625,0,train
7,he_6e2a20,12.19419002532959,11.481404304504395,0,train
7,le_596a40,10.006442070007324,10.101211547851562,0,validation
7,he_dbffb8,9.272645950317383,9.259012222290039,0,train
7,he_587580,10.935242652893066,12.987754821777344,0,validation
7,he_e164e6,9.393056869506836,12.89823055267334,0,validation
7,le_5f2ef6,7.747560024261475,9.292573928833008,0,train
7,he_54d58e,10.198836326599121,8.414319038391113,0,validation
7,le_11b481,13.830886840820312,19.843618392944336,0,validation
7,he_491f87,10.124568939208984,8.051130294799805,0,train
7,le_7f270d,12.28052806854248,12.288616180419922,0,train
7,le_62a4bc,8.105542182922363,7.084056377410889,0,train
7,le_8d3ab6,6.874251842498779,7.685011863708496,0,train
7,le_accae0,8.719718933105469,12.074845314025879,0,validation
7,he_a736a6,9.778369903564453,10.852038383483887,0,train
7,he_912dc8,11.514525413513184,15.005833625793457,0,validation
7,he_61cd2e,10.091428756713867,8.669120788574219,0,train
7,he_94d049,12.179238319396973,16.99933624267578,0,validation
7,le_16f739,11.038857460021973,14.839402198791504,0,train
7,le_d322ae,11.840766906738281,17.343936920166016,0,validation
7,le_4dda45,9.975646018981934,12.913263320922852,0,validation
7,he_779372,10.067244529724121,9.643095970153809,0,validation
7,he_52dd3f,12.515899658203125,18.869140625,0,train
7,he_88bbca,9.937766075134277,9.238062858581543,0,train
7,le_13ede5,11.745980262756348,15.78738021850586,0,train
7,he_0c4405,10.267919540405273,12.518367767333984,0,train
7,he_5d51d5,9.213906288146973,9.204548835754395,0,validation
7,le_4f8401,13.06729507446289,14.121298789978027,0,validation
7,le_c29f8f,7.247336387634277,4.413429260253906,0,validation
7,he_bfa93d,10.498635292053223,10.841526985168457,0,validation
7,le_a0acbc,8.812761306762695,6.065235137939453,0,validation
7,le_268427,6.624314308166504,10.19662857055664,0,validation
7,he_11c1bf,8.805773735046387,9.975615501403809,0,validation
7,le_c47ba7,8.54210376739502,7.262533187866211,0,validation
7,he_6848cb,9.088011741638184,8.732759475708008,0,train
7,le_4364a8,9.688788414001465,10.263208389282227,0,validation
7,he_1c5ebf,8.74414348602295,7.796977996826172,0,train
7,he_75f996,10.424129486083984,9.602957725524902,0,train
7,le_e65b71,8.511865615844727,13.0266695022583,0,validation
7,he_b91c14,11.198235511779785,12.990912437438965,0,train
7,le_182139,8.841351509094238,7.921640396118164,0,validation
7,le_edf503,6.815996170043945,9.333237648010254,0,train
7,he_a91b67,9.557271957397461,8.723219871520996,0,validation
7,le_b3cf21,8.816102027893066,6.773796081542969,0,train
7,le_018c14,11.779532432556152,13.495655059814453,0,validation
7,he_053b3b,11.210865020751953,13.332674026489258,0,validation
7,he_4e2ec5,8.957983016967773,8.631121635437012,0,train
7,le_f99515,8.723074913024902,7.712645530700684,0,train
7,he_7c20aa,10.004426956176758,11.374576568603516,0,validation
7,le_14d1e0,6.551815032958984,9.59762191772461,0,train
8,he_fc0004,8.198763847351074,6.379846572875977,0,train
8,le_874539,11.185128211975098,15.683792114257812,0,train
8,he_26f62f,11.59815788269043,13.521064758300781,0,validation
8,le_5a2cdc,8.919567108154297,8.431498527526855,0,validation
8,le_b12c12,8.666893005371094,6.98735237121582,0,train
8,he_b87c8d,9.401019096374512,7.5321455001831055,0,validation
8,le_c77411,11.335914611816406,7.272193908691406,0,train
8,he_6c78f0,9.490901947021484,7.324359893798828,0,validation
8,he_8cbe6f,12.35263729095459,12.19922924041748,0,train
8,le_5add34,9.220109939575195,8.087381362915039,0,train
8,le_dbd805,11.741840362548828,13.934412002563477,0,train
8,he_6e2a20,12.038665771484375,11.898789405822754,0,train
8,le_596a40,10.18460464477539,9.416230201721191,0,validation
8,he_dbffb8,9.49459457397461,9.498990058898926,0,train
8,he_587580,11.406270980834961,13.647224426269531,0,validation
8,he_e164e6,9.842914581298828,13.741604804992676,0,validation
8,le_5f2ef6,7.377408027648926,8.215639114379883,0,train
8,he_54d58e,10.133204460144043,8.387313842773438,0,validation
8,le_11b481,14.092061996459961,20.92833137512207,0,validation
8,he_491f87,10.20108413696289,8.259848594665527,0,train
8,le_7f270d,12.731030464172363,13.341930389404297,0,train
8,le_62a4bc,7.313154697418213,7.0530686378479,0,train
8,le_8d3ab6,6.840999126434326,8.314085960388184,0,train
8,le_accae0,9.143701553344727,12.335491180419922,0,validation
8,he_a736a6,9.791891098022461,11.390438079833984,0,train
8,he_912dc8,11.222774505615234,14.113537788391113,0,validation
8,he_61cd2e,9.850567817687988,8.499765396118164,0,train
8,he_94d049,11.538776397705078,16.743186950683594,0,validation
8,le_16f739,11.977435111999512,16.72378158569336,0,train
8,le_d322ae,11.326576232910156,15.244989395141602,0,validation
8,le_4dda45,10.60440731048584,14.757747650146484,0,validation
8,he_779372,10.10549259185791,9.292766571044922,0,validation
8,he_52dd3f,13.91643238067627,19.518875122070312,0,train
8,he_88bbca,9.751108169555664,9.60469913482666,0,train
8,le_13ede5,11.392582893371582,14.543840408325195,0,train
8,he_0c4405,10.075979232788086,12.840365409851074,0,train
8,he_5d51d5,9.60611629486084,10.751923561096191,0,validation
8,le_4f8401,13.450733184814453,14.065278053283691,0,validation
8,le_c29f8f,9.432302474975586,7.773760795593262,0,validation
8,he_bfa93d,10.484272003173828,10.75548267364502,0,validation
8,le_a0acbc,9.396201133728027,6.716472148895264,0,validation
8,le_268427,6.389571189880371,9.47743034362793,0,validation
8,he_11c1bf,9.170259475708008,10.40584659576416,0,validation
8,le_c47ba7,8.462322235107422,7.3045973777771,0,validation
8,he_6848cb,9.628998756408691,9.794485092163086,0,train
8,le_4364a8,9.05982780456543,9.432344436645508,0,validation
8,he_1c5ebf,8.545998573303223,7.604185104370117,0,train
8,he_75f996,11.433252334594727,10.863441467285156,0,train
8,le_e65b71,8.856348991394043,14.674242973327637,0,validation
8,he_b91c14,10.77177619934082,12.616968154907227,0,train
8,le_182139,8.348666191101074,7.29351282119751,0,validation
8,le_edf503,6.606017112731934,7.4515862464904785,0,train
8,he_a91b67,9.469985008239746,8.568815231323242,0,validation
8,le_b3cf21,9.471465110778809,8.659418106079102,0,train
8,le_018c14,13.201863288879395,13.66200065612793,0,validation
8,he_053b3b,11.131608963012695,13.463523864746094,0,validation
8,he_4e2ec5,8.636434555053711,9.0040864944458,0,train
8,le_f99515,8.250649452209473,6.51069450378418,0,train
8,he_7c20aa,9.89153003692627,11.792964935302734,0,validation
8,le_14d1e0,6.692592620849609,9.525317192077637,0,train
9,he_fc0004,8.5694580078125,6.356894493103027,0,train
9,le_874539,9.3004732131958,11.628467559814453,0,train
9,he_26f62f,11.719590187072754,12.907515525817871,0,validation
9,le_5a2cdc,9.212182998657227,8.72261905670166,0,validation
9,le_b12c12,9.246877670288086,7.9093475341796875,0,train
9,he_b87c8d,9.021848678588867,7.036008834838867,0,validation
9,le_c77411,11.069795608520508,7.239419937133789,0,train
9,he_6c78f0,9.770771026611328,7.122579097747803,0,validation
9,he_8cbe6f,12.968209266662598,14.414971351623535,0,train
9,le_5add34,8.850434303283691,7.737295150756836,0,train
9,le_dbd805,10.74124526977539,13.061275482177734,0,train
9,he_6e2a20,11.857582092285156,11.873886108398438,0,train
9,le_596a40,11.153693199157715,10.102587699890137,0,validation
9,he_dbffb8,9.926742553710938,9.68359088897705,0,train
9,he_587580,11.773079872131348,13.889397621154785,0,validation
9,he_e164e6,9.928705215454102,12.874321937561035,0,validation
9,le_5f2ef6,7.916846752166748,8.966160774230957,0,train
9,he_54d58e,9.855510711669922,8.373760223388672,0,validation
9,le_11b481,14.618021965026855,20.640287399291992,0,validation
9,he_491f87,10.3706693649292,8.090786933898926,0,train
9,le_7f270d,13.334287643432617,14.211080551147461,0,train
9,le_62a4bc,8.362972259521484,8.242121696472168,0,train
9,le_8d3ab6,6.70166015625,7.338669776916504,0,train
9,le_accae0,9.278459548950195,12.884198188781738,0,validation
9,he_a736a6,10.190485954284668,11.077662467956543,0,train
9,he_912dc8,11.504111289978027,14.881756782531738,0,validation
9,he_61cd2e,10.006037712097168,8.075577735900879,0,train
9,he_94d049,11.75108814239502,16.78626251220703,0,validation
9,le_16f739,11.99524211883545,16.305038452148438,0,train
9,le_d322ae,12.102560043334961,18.115476608276367,0,validation
9,le_4dda45,10.88583755493164,14.966947555541992,0,validation
9,he_779372,9.690624237060547,8.942342758178711,0,validation
9,he_52dd3f,14.273984909057617,19.645755767822266,0,train
9,he_88bbca,10.322992324829102,9.573113441467285,0,train
9,le_13ede5,11.826655387878418,15.675817489624023,0,train
9,he_0c4405,10.36584186553955,13.146220207214355,0,train
9,he_5d51d5,9.716428756713867,11.641557693481445,0,validation
9,le_4f8401,12.686559677124023,12.159418106079102,0,validation
9,le_c29f8f,8.325301170349121,6.847596168518066,0,validation
9,he_bfa93d,10.772811889648438,11.590008735656738,0,validation
9,le_a0acbc,9.887822151184082,6.070323944091797,0,validation
9,le_268427,6.831774711608887,8.706595420837402,0,validation
9,he_11c1bf,8.648324966430664,9.691912651062012,0,validation
9,le_c47ba7,9.205866813659668,7.52407693862915,0,validation
9,he_6848cb,9.65007495880127,9.415899276733398,0,train
9,le_4364a8,9.69234561920166,10.215410232543945,0,validation
9,he_1c5ebf,8.611178398132324,7.588054180145264,0,train
9,he_75f996,10.777770042419434,10.075512886047363,0,train
9,le_e65b71,8.156055450439453,12.208115577697754,0,validation
9,he_b91c14,11.456939697265625,13.265399932861328,0,train
9,le_182139,8.505236625671387,7.826072692871094,0,validation
9,le_edf503,6.5570149421691895,7.9550957679748535,0,train
9,he_a91b67,8.863554954528809,8.309019088745117,0,validation
9,le_b3cf21,9.792935371398926,9.197596549987793,0,train
9,le_018c14,12.581480979919434,13.804523468017578,0,validation
9,he_053b3b,12.08266544342041,13.24650764465332,0,validation
9,he_4e2ec5,9.022069931030273,9.345789909362793,0,train
9,le_f99515,7.444149017333984,4.547008514404297,0,train
9,he_7c20aa,9.801790237426758,10.783677101135254,0,validation
9,le_14d1e0,6.536650657653809,8.460405349731445,0,train
10,he_fc0004,8.036009788513184,6.255438327789307,0,train
10,le_874539,9.54786205291748,11.735132217407227,0,train
10,he_26f62f,11.460253715515137,13.039175987243652,0,validation
10,le_5a2cdc,9.490421295166016,8.614989280700684,0,validation
10,le_b12c12,9.282316207885742,8.542881965637207,0,train
10,he_b87c8d,8.793094635009766,7.028881549835205,0,validation
10,le_c77411,11.576772689819336,7.515405654907227,0,train
10,he_6c78f0,8.904886245727539,7.027554988861084,0,validation
10,he_8cbe6f,12.615778923034668,14.085597038269043,0,train
10,le_5add34,8.873673439025879,7.330672264099121,0,train
10,le_dbd805,10.880523681640625,13.275352478027344,0,train
10,he_6e2a20,13.009312629699707,12.152451515197754,0,train
10,le_596a40,11.111159324645996,10.698909759521484,0,validation
10,he_dbffb8,9.904749870300293,9.996390342712402,0,train
10,he_587580,11.398136138916016,13.898188591003418,0,validation
10,he_e164e6,9.656022071838379,13.414774894714355,0,validation
10,le_5f2ef6,7.89013147354126,9.05543327331543,0,train
10,he_54d58e,9.867101669311523,9.083100318908691,0,validation
10,le_11b481,14.74050235748291,21.67353057861328,0,validation
10,he_491f87,9.870747566223145,7.402729034423828,0,train
10,le_7f270d,12.459112167358398,12.636083602905273,0,train
10,le_62a4bc,8.618298530578613,7.514193058013916,0,train
10,le_8d3ab6,7.418776035308838,8.293320655822754,0,train
10,le_accae0,9.85701847076416,13.548847198486328,0,validation
10,he_a736a6,10.307771682739258,11.540393829345703,0,train
10,he_912dc8,10.821659088134766,14.096405982971191,0,validation
10,he_61cd2e,10.200735092163086,8.962909698486328,0,train
10,he_94d049,11.332525253295898,18.162473678588867,0,validation
10,le_16f739,11.549922943115234,15.684366226196289,0,train
10,le_d322ae,12.304543495178223,17.93538475036621,0,validation
10,le_4dda45,11.220818519592285,15.274293899536133,0,validation
10,he_779372,9.947732925415039,8.974278450012207,0,validation
10,he_52dd3f,12.759641647338867,19.076446533203125,0,train
10,he_88bbca,10.093521118164062,10.21275806427002,0,train
10,le_13ede5,12.127625465393066,14.561792373657227,0,train
10,he_0c4405,9.959733963012695,11.769787788391113,0,train
10,he_5d51d5,9.702779769897461,11.068639755249023,0,validation
10,le_4f8401,12.339912414550781,13.897115707397461,0,validation
10,le_c29f8f,8.993356704711914,7.220650672912598,0,validation
10,he_bfa93d,11.411152839660645,12.983550071716309,0,validation
10,le_a0acbc,9.65218448638916,5.282519340515137,0,validation
10,le_268427,6.858969688415527,9.160293579101562,0,validation
10,he_11c1bf,9.191020011901855,9.990642547607422,0,validation
10,le_c47ba7,8.752702713012695,7.763429164886475,0,validation
10,he_6848cb,9.841586112976074,10.596076011657715,0,train
10,le_4364a8,9.014748573303223,10.36989974975586,0,validation
10,he_1c5ebf,8.84879207611084,7.893040180206299,0,train
10,he_75f996,11.861024856567383,12.070979118347168,0,train
10,le_e65b71,7.731239318847656,13.522067070007324,0,validation
10,he_b91c14,10.366592407226562,12.978086471557617,0,train
10,le_182139,8.152153968811035,7.46221399307251,0,validation
10,le_edf503,7.849613666534424,8.853915214538574,0,train
10,he_a91b67,9.522452354431152,8.605032920837402,0,validation
10,le_b3cf21,9.774602890014648,8.88949203491211,0,train
10,le_018c14,11.902244567871094,13.807538986206055,0,validation
10,he_053b3b,12.073151588439941,12.576756477355957,0,validation
10,he_4e2ec5,9.019774436950684,10.285161972045898,0,train
10,le_f99515,6.363622665405273,3.7790255546569824,0,train
10,he_7c20aa,9.911543846130371,11.668968200683594,0,validation
10,le_14d1e0,7.127822399139404,10.498305320739746,0,train
11,he_fc0004,7.555103302001953,6.708532333374023,0,train
11,le_874539,9.791690826416016,12.315601348876953,0,train
11,he_26f62f,11.342949867248535,13.170178413391113,0,validation
11,le_5a2cdc,9.507896423339844,8.36179256439209,0,validation
11,le_b12c12,9.416821479797363,8.888703346252441,0,train
11,he_b87c8d,9.01262378692627,7.106864929199219,0,validation
11,le_c77411,10.711544036865234,8.092839241027832,0,train
11,he_6c78f0,9.048111915588379,6.714704990386963,0,validation
11,he_8cbe6f,12.241106033325195,13.442561149597168,0,train
11,le_5add34,8.49608325958252,6.665611267089844,0,train
11,le_dbd805,10.97997760772705,14.008657455444336,0,train
11,he_6e2a20,12.89892864227295,11.87304973602295,0,train
11,le_596a40,11.098477363586426,11.209985733032227,0,validation
11,he_dbffb8,9.598012924194336,9.586633682250977,0,train
11,he_587580,11.566282272338867,13.71877670288086,0,validation
11,he_e164e6,9.88422966003418,13.356839179992676,0,validation
11,le_5f2ef6,7.817566871643066,8.833168983459473,0,train
11,he_54d58e,9.502874374389648,8.480295181274414,0,validation
11,le_11b481,15.079378128051758,22.367990493774414,0,validation
11,he_491f87,9.535104751586914,7.469888210296631,0,train
11,le_7f270d,12.854552268981934,13.589373588562012,0,train
11,le_62a4bc,8.469364166259766,8.180849075317383,0,train
11,le_8d3ab6,6.851922988891602,8.059562683105469,0,train
11,le_accae0,10.628609657287598,15.045104026794434,0,validation
11,he_a736a6,10.060693740844727,11.868236541748047,0,train
11,he_912dc8,10.694502830505371,13.93030071258545,0,validation
11,he_61cd2e,10.422141075134277,9.875269889831543,0,train
11,he_94d049,11.895421028137207,17.69770622253418,0,validation
11,le_16f739,12.386783599853516,16.409534454345703,0,train
11,le_d322ae,12.09099292755127,18.388031005859375,0,validation
11,le_4dda45,10.34311294555664,13.700762748718262,0,validation
11,he_779372,9.866423606872559,9.3196382522583,0,validation
11,he_52dd3f,13.402392387390137,19.510473251342773,0,train
11,he_88bbca,9.904607772827148,9.84147834777832,0,train
11,le_13ede5,11.385242462158203,13.805191040039062,0,train
11,he_0c4405,10.135940551757812,12.261069297790527,0,train
11,he_5d51d5,10.012496948242188,11.494117736816406,0,validation
11,le_4f8401,13.87315559387207,15.601604461669922,0,validation
11,le_c29f8f,8.660725593566895,7.614646911621094,0,validation
11,he_bfa93d,10.438090324401855,11.590956687927246,0,validation
11,le_a0acbc,9.773561477661133,6.166697978973389,0,validation
11,le_268427,7.374614238739014,9.613605499267578,0,validation
11,he_11c1bf,8.782221794128418,10.382386207580566,0,validation
11,le_c47ba7,9.826631546020508,8.49724292755127,0,validation
11,he_6848cb,10.09696102142334,10.980276107788086,0,train
11,le_4364a8,9.831639289855957,11.093890190124512,0,validation
11,he_1c5ebf,8.560165405273438,8.789933204650879,0,train
11,he_75f996,11.527414321899414,12.263520240783691,0,train
11,le_e65b71,8.219542503356934,13.379077911376953,0,validation
11,he_b91c14,10.69607925415039,12.760746955871582,0,train
11,le_182139,8.021014213562012,6.989356994628906,0,validation
11,le_edf503,7.781789302825928,10.073071479797363,0,train
11,he_a91b67,9.11069393157959,7.78852653503418,0,validation
11,le_b3cf21,10.250906944274902,9.991870880126953,0,train
11,le_018c14,13.843304634094238,17.12635612487793,0,validation
11,he_053b3b,11.606118202209473,12.75008773803711,0,validation
11,he_4e2ec5,8.588504791259766,9.069887161254883,0,train
11,le_f99515,7.036981582641602,5.2221221923828125,0,train
11,he_7c20aa,9.554207801818848,11.493578910827637,0,validation
11,le_14d1e0,6.475017070770264,8.918407440185547,0,train
12,he_fc0004,7.882966041564941,7.131741523742676,0,train
12,le_874539,10.023212432861328,12.35315990447998,0,train
12,he_26f62f,11.254663467407227,13.194568634033203,0,validation
12,le_5a2cdc,9.262545585632324,7.99662446975708,0,validation
12,le_b12c12,9.822622299194336,8.455531120300293,0,train
12,he_b87c8d,8.718358039855957,6.666790008544922,0,validation
12,le_c77411,11.276439666748047,8.152263641357422,0,train
12,he_6c78f0,8.73678970336914,6.906042575836182,0,validation
12,he_8cbe6f,12.399524688720703,13.693198204040527,0,train
12,le_5add34,8.770302772521973,7.455169677734375,0,train
12,le_dbd805,10.484405517578125,14.481759071350098,0,train
12,he_6e2a20,12.30313491821289,11.181907653808594,0,train
12,le_596a40,11.475747108459473,10.851814270019531,0,validation
12,he_dbffb8,10.116921424865723,10.119339942932129,0,train
12,he_587580,11.121715545654297,13.696796417236328,0,validation
12,he_e164e6,9.873262405395508,13.571446418762207,0,validation
12,le_5f2ef6,7.831772804260254,9.377114295959473,0,train
12,he_54d58e,9.85606861114502,8.875144004821777,0,validation
12,le_11b481,15.812950134277344,23.240520477294922,0,validation
12,he_491f87,9.889443397521973,7.964951515197754,0,train
12,le_7f270d,13.276029586791992,14.531133651733398,0,train
12,le_62a4bc,7.858680248260498,6.881961822509766,0,train
12,le_8d3ab6,6.744884967803955,8.335897445678711,0,train
12,le_accae0,11.733859062194824,16.32986068725586,0,validation
12,he_a736a6,9.850963592529297,11.789937019348145,0,train
12,he_912dc8,11.003718376159668,14.614245414733887,0,validation
12,he_61cd2e,10.515508651733398,9.433419227600098,0,train
12,he_94d049,11.954482078552246,17.461837768554688,0,validation
12,le_16f739,11.749565124511719,15.179811477661133,0,train
12,le_d322ae,11.740762710571289,18.52777862548828,0,validation
12,le_4dda45,11.141755104064941,15.015480995178223,0,validation
12,he_779372,9.77064323425293,8.93439769744873,0,validation
12,he_52dd3f,13.326411247253418,19.850074768066406,0,train
12,he_88bbca,10.641997337341309,10.505228996276855,0,train
12,le_13ede5,11.229130744934082,14.332796096801758,0,train
12,he_0c4405,10.694504737854004,13.433789253234863,0,train
12,he_5d51d5,10.086076736450195,10.63163948059082,0,validation
12,le_4f8401,14.046219825744629,15.194938659667969,0,validation
12,le_c29f8f,8.970232009887695,7.354879856109619,0,validation
12,he_bfa93d,10.286704063415527,10.832358360290527,0,validation
12,le_a0acbc,10.463448524475098,6.7196478843688965,0,validation
12,le_268427,7.697319507598877,10.05031967163086,0,validation
12,he_11c1bf,8.663543701171875,9.965493202209473,0,validation
12,le_c47ba7,9.456344604492188,7.807127475738525,0,validation
12,he_6848cb,9.548320770263672,10.61508560180664,0,train
12,le_4364a8,11.403596878051758,14.010615348815918,0,validation
12,he_1c5ebf,8.063200950622559,8.707550048828125,0,train
12,he_75f996,11.491476058959961,12.20106029510498,0,train
12,le_e65b71,8.022839546203613,13.695743560791016,0,validation
12,he_b91c14,10.672689437866211,12.39340877532959,0,train
12,le_182139,7.92466402053833,6.8818182945251465,0,validation
12,le_edf503,7.4206085205078125,8.45705795288086,0,train
12,he_a91b67,9.114192008972168,8.039581298828125,0,validation
12,le_b3cf21,10.598780632019043,10.181605339050293,0,train
12,le_018c14,13.128201484680176,16.36153793334961,0,validation
12,he_053b3b,11.262394905090332,12.040227890014648,0,validation
12,he_4e2ec5,8.941604614257812,9.675207138061523,0,train
12,le_f99515,7.373329162597656,4.863796710968018,0,train
12,he_7c20aa,9.791770935058594,11.537940979003906,0,validation
12,le_14d1e0,6.078670501708984,8.345349311828613,0,train
13,he_fc0004,8.406488418579102,7.280476093292236,0,train
13,le_874539,9.896157264709473,11.606529235839844,0,train
13,he_26f62f,11.633231163024902,13.358231544494629,0,validation
13,le_5a2cdc,9.368271827697754,8.341064453125,0,validation
13,le_b12c12,9.886741638183594,9.070365905761719,0,train
13,he_b87c8d,9.379691123962402,7.121525287628174,0,validation
13,le_c77411,12.482230186462402,9.365618705749512,0,train
13,he_6c78f0,8.942652702331543,6.596693515777588,0,validation
13,he_8cbe6f,12.698476791381836,13.654034614562988,0,train
13,le_5add34,8.09084415435791,6.938820838928223,0,train
13,le_dbd805,11.640365600585938,14.444513320922852,0,train
13,he_6e2a20,12.474573135375977,11.2095947265625,0,train
13,le_596a40,11.652192115783691,11.783482551574707,0,validation
13,he_dbffb8,10.294195175170898,10.067923545837402,0,train
13,he_587580,11.322490692138672,13.621588706970215,0,validation
13,he_e164e6,10.258545875549316,13.873600959777832,0,validation
13,le_5f2ef6,8.009378433227539,9.566990852355957,0,train
13,he_54d58e,9.91504192352295,8.815391540527344,0,validation
13,le_11b481,15.022214889526367,22.223541259765625,0,validation
13,he_491f87,10.121295928955078,8.256206512451172,0,train
13,le_7f270d,13.583877563476562,14.745977401733398,0,train
13,le_62a4bc,8.230237007141113,7.734182834625244,0,train
13,le_8d3ab6,7.112621784210205,8.578537940979004,0,train
13,le_accae0,12.175498962402344,16.471330642700195,0,validation
13,he_a736a6,10.156671524047852,11.83598804473877,0,train
13,he_912dc8,11.552431106567383,14.191489219665527,0,validation
13,he_61cd2e,9.87230110168457,9.124484062194824,0,train
13,he_94d049,12.218496322631836,17.28949546813965,0,validation
13,le_16f739,11.886883735656738,15.182046890258789,0,train
13,le_d322ae,12.224088668823242,19.394161224365234,0,validation
13,le_4dda45,11.096709251403809,15.500171661376953,0,validation
13,he_779372,10.04065227508545,8.959671974182129,0,validation
13,he_52dd3f,13.163666725158691,19.12516975402832,0,train
13,he_88bbca,10.437767028808594,10.400994300842285,0,train
13,le_13ede5,11.672882080078125,13.329955101013184,0,train
13,he_0c4405,10.615612983703613,12.825119972229004,0,train
13,he_5d51d5,10.150652885437012,10.50515365600586,0,validation
13,le_4f8401,13.238072395324707,13.808579444885254,0,validation
13,le_c29f8f,9.407184600830078,8.505855560302734,0,validation
13,he_bfa93d,10.162606239318848,10.779743194580078,0,validation
13,le_a0acbc,11.040128707885742,7.724934101104736,0,validation
13,le_268427,7.425528049468994,10.006251335144043,0,validation
13,he_11c1bf,8.809216499328613,10.494227409362793,0,validation
13,le_c47ba7,9.454678535461426,7.8980865478515625,0,validation
13,he_6848cb,9.312747955322266,10.386489868164062,0,train
13,le_4364a8,11.068041801452637,13.089962005615234,0,validation
13,he_1c5ebf,8.515179634094238,9.38451862335205,0,train
13,he_75f996,11.749241828918457,11.959046363830566,0,train
13,le_e65b71,7.725409030914307,12.587989807128906,0,validation
13,he_b91c14,10.788691520690918,12.287031173706055,0,train
13,le_182139,8.065400123596191,6.821359634399414,0,validation
13,le_edf503,7.653547286987305,9.151352882385254,0,train
13,he_a91b67,9.091567993164062,8.193462371826172,0,validation
13,le_b3cf21,10.229851722717285,9.308491706848145,0,train
13,le_018c14,12.774118423461914,15.314130783081055,0,validation
13,he_053b3b,11.284221649169922,12.352736473083496,0,validation
13,he_4e2ec5,8.96683406829834,9.793060302734375,0,train
13,le_f99515,7.038649082183838,4.416189670562744,0,train
13,he_7c20aa,9.79079818725586,11.426379203796387,0,validation
13,le_14d1e0,6.582394123077393,9.46059799194336,0,train
14,he_fc0004,8.404108047485352,7.442263603210449,0,train
14,le_874539,10.118346214294434,11.475704193115234,0,train
14,he_26f62f,11.486798286437988,13.199029922485352,0,validation
14,le_5a2cdc,9.636982917785645,8.42719554901123,0,validation
14,le_b12c12,9.818048477172852,9.004502296447754,0,train
14,he_b87c8d,9.23790168762207,7.1300458908081055,0,validation
14,le_c77411,12.463079452514648,9.486320495605469,0,train
14,he_6c78f0,9.135662078857422,6.945111274719238,0,validation
14,he_8cbe6f,13.16600513458252,13.965266227722168,0,train
14,le_5add34,8.401665687561035,6.549641132354736,0,train
14,le_dbd805,11.252456665039062,13.759016036987305,0,train
14,he_6e2a20,13.04996109008789,11.528496742248535,0,train
14,le_596a40,11.7153959274292,11.568016052246094,0,validation
14,he_dbffb8,10.016295433044434,9.62569522857666,0,train
14,he_587580,11.28378677368164,13.522398948669434,0,validation
14,he_e164e6,9.917586326599121,14.040743827819824,0,validation
14,le_5f2ef6,8.27176570892334,9.806917190551758,0,train
14,he_54d58e,10.120644569396973,9.139962196350098,0,validation
14,le_11b481,15.90655517578125,23.642959594726562,0,validation
14,he_491f87,10.04437255859375,8.060741424560547,0,train
14,le_7f270d,14.003921508789062,14.55143928527832,0,train
14,le_62a4bc,8.777955055236816,8.578399658203125,0,train
14,le_8d3ab6,7.064325332641602,8.442249298095703,0,train
14,le_accae0,11.96642017364502,16.000762939453125,0,validation
14,he_a736a6,10.236849784851074,13.14965534210205,0,train
14,he_912dc8,11.627327919006348,14.835539817810059,0,validation
14,he_61cd2e,10.203364372253418,9.312821388244629,0,train
14,he_94d049,12.751460075378418,18.7663631439209,0,validation
14,le_16f739,12.740074157714844,15.608353614807129,0,train
14,le_d322ae,11.899168014526367,18.213626861572266,0,validation
14,le_4dda45,11.128026008605957,15.359100341796875,0,validation
14,he_779372,10.276032447814941,9.162558555603027,0,validation
14,he_52dd3f,13.030614852905273,19.019729614257812,0,train
14,he_88bbca,10.71557903289795,11.29351806640625,0,train
14,le_13ede5,11.98147201538086,14.396921157836914,0,train
14,he_0c4405,10.481280326843262,12.7506103515625,0,train
14,he_5d51d5,10.298530578613281,10.865678787231445,0,validation
14,le_4f8401,13.759276390075684,14.537315368652344,0,validation
14,le_c29f8f,9.414024353027344,8.608874320983887,0,validation
14,he_bfa93d,10.857771873474121,11.46399211883545,0,validation
14,le_a0acbc,9.914807319641113,6.457383632659912,0,validation
14,le_268427,7.601289749145508,9.926048278808594,0,validation
14,he_11c1bf,8.771683692932129,10.191888809204102,0,validation
14,le_c47ba7,9.655669212341309,8.081137657165527,0,validation
14,he_6848cb,9.681879043579102,11.140873908996582,0,train
14,le_4364a8,11.051519393920898,13.31503963470459,0,validation
14,he_1c5ebf,8.813727378845215,9.387652397155762,0,train
14,he_75f996,11.889886856079102,12.086382865905762,0,train
14,le_e65b71,7.794944763183594,12.73137092590332,0,validation
14,he_b91c14,10.905635833740234,12.531867980957031,0,train
14,le_182139,8.186951637268066,7.008241176605225,0,validation
14,le_edf503,8.343799591064453,10.048664093017578,0,train
14,he_a91b67,9.875895500183105,9.274660110473633,0,validation
14,le_b3cf21,10.163527488708496,9.359387397766113,0,train
14,le_018c14,12.669161796569824,15.140336990356445,0,validation
14,he_053b3b,11.62216567993164,12.66196060180664,0,validation
14,he_4e2ec5,8.888556480407715,9.414310455322266,0,train
14,le_f99515,6.58551549911499,3.9737675189971924,0,train
14,he_7c20aa,9.82545280456543,11.597129821777344,0,validation
14,le_14d1e0,6.568746566772461,9.343525886535645,0,train
15,he_fc0004,8.19664192199707,7.302859306335449,0,train
15,le_874539,10.134215354919434,11.802608489990234,0,train
15,he_26f62f,11.422528266906738,13.147289276123047,0,validation
15,le_5a2cdc,9.28055191040039,8.258564949035645,0,validation
15,le_b12c12,9.86086368560791,9.286158561706543,0,train
15,he_b87c8d,9.141545295715332,7.108493804931641,0,validation
15,le_c77411,12.841053009033203,9.448952674865723,0,train
15,he_6c78f0,8.840291976928711,6.689974784851074,0,validation
15,he_8cbe6f,12.814142227172852,13.77272891998291,0,train
15,le_5add34,8.355721473693848,6.8608503341674805,0,train
15,le_dbd805,11.366665840148926,14.200885772705078,0,train
15,he_6e2a20,12.630724906921387,11.36629581451416,0,train
15,le_596a40,11.787156105041504,11.697341918945312,0,validation
15,he_dbffb8,10.116874694824219,10.003649711608887,0,train
15,he_587580,11.61825942993164,13.560090065002441,0,validation
15,he_e164e6,10.261306762695312,14.414340019226074,0,validation
15,le_5f2ef6,8.218125343322754,10.067703247070312,0,train
15,he_54d58e,10.018709182739258,9.238338470458984,0,validation
15,le_11b481,15.923006057739258,23.645938873291016,0,validation
15,he_491f87,9.869833946228027,8.072171211242676,0,train
15,le_7f270d,13.958379745483398,14.642012596130371,0,train
15,le_62a4bc,8.58802318572998,8.182245254516602,0,train
15,le_8d3ab6,7.278071880340576,8.336570739746094,0,train
15,le_accae0,12.629045486450195,16.870243072509766,0,validation
15,he_a736a6,10.30981159210205,12.49707317352295,0,train
15,he_912dc8,11.646666526794434,14.60775089263916,0,validation
15,he_61cd2e,10.209434509277344,9.470497131347656,0,train
15,he_94d049,12.34195327758789,17.905481338500977,0,validation
15,le_16f739,12.39190673828125,15.03962516784668,0,train
15,le_d322ae,12.274243354797363,19.617568969726562,0,validation
15,le_4dda45,11.297499656677246,14.992242813110352,0,validation
15,he_779372,10.220719337463379,9.340862274169922,0,validation
15,he_52dd3f,12.857145309448242,18.88173484802246,0,train
15,he_88bbca,10.639653205871582,11.27800464630127,0,train
15,le_13ede5,11.868407249450684,14.301765441894531,0,train
15,he_0c4405,10.52789306640625,13.32426929473877,0,train
15,he_5d51d5,9.97359561920166,10.665037155151367,0,validation
15,le_4f8401,13.639867782592773,14.76456356048584,0,validation
15,le_c29f8f,9.8280668258667,8.747225761413574,0,validation
15,he_bfa93d,10.251496315002441,10.618343353271484,0,validation
15,le_a0acbc,10.254480361938477,6.680544376373291,0,validation
15,le_268427,7.664122581481934,10.119425773620605,0,validation
15,he_11c1bf,8.869242668151855,10.38013744354248,0,validation
15,le_c47ba7,9.710370063781738,8.192614555358887,0,validation
15,he_6848cb,9.636211395263672,10.770059585571289,0,train
15,le_4364a8,11.363391876220703,13.609991073608398,0,validation
15,he_1c5ebf,8.775300979614258,9.410140991210938,0,train
15,he_75f996,11.804046630859375,12.253336906433105,0,train
15,le_e65b71,7.529992580413818,12.561575889587402,0,validation
15,he_b91c14,10.7051420211792,12.311214447021484,0,train
15,le_182139,8.090598106384277,6.9518914222717285,0,validation
15,le_edf503,7.933934688568115,9.79470443725586,0,train
15,he_a91b67,9.427204132080078,8.573080062866211,0,validation
15,le_b3cf21,10.640975952148438,9.970848083496094,0,train
15,le_018c14,12.879801750183105,15.525978088378906,0,validation
15,he_053b3b,11.574892044067383,12.4467191696167,0,validation
15,he_4e2ec5,9.087757110595703,9.767765045166016,0,train
15,le_f99515,6.5199294090271,3.6783881187438965,0,train
15,he_7c20aa,9.861905097961426,11.439093589782715,0,validation
15,le_14d1e0,6.657139778137207,9.428261756896973,0,train
16,he_fc0004,8.352104187011719,7.538064479827881,0,train
16,le_874539,10.123943328857422,11.6412353515625,0,train
16,he_26f62f,11.464081764221191,13.256874084472656,0,validation
16,le_5a2cdc,9.313285827636719,8.299346923828125,0,validation
16,le_b12c12,9.974677085876465,9.252923011779785,0,train
16,he_b87c8d,9.311335563659668,7.393645763397217,0,validation
16,le_c77411,12.911060333251953,9.341800689697266,0,train
16,he_6c78f0,8.863204956054688,6.735083103179932,0,validation
16,he_8cbe6f,12.922621726989746,13.813316345214844,0,train
16,le_5add34,8.652400970458984,7.086487770080566,0,train
16,le_dbd805,11.262312889099121,14.031959533691406,0,train
16,he_6e2a20,12.982442855834961,11.542181968688965,0,train
16,le_596a40,11.85357666015625,11.60644245147705,0,validation
16,he_dbffb8,10.09814167022705,9.834795951843262,0,train
16,he_587580,11.843504905700684,13.866194725036621,0,validation
16,he_e164e6,10.208548545837402,14.392677307128906,0,validation
16,le_5f2ef6,8.222302436828613,9.979869842529297,0,train
16,he_54d58e,10.279574394226074,9.11572265625,0,validation
16,le_11b481,16.028291702270508,23.55183982849121,0,validation
16,he_491f87,10.200459480285645,8.209704399108887,0,train
16,le_7f270d,13.981040954589844,14.471353530883789,0,train
16,le_62a4bc,8.199946403503418,7.990541934967041,0,train
16,le_8d3ab6,7.017520904541016,8.519044876098633,0,train
16,le_accae0,12.436726570129395,16.9426212310791,0,validation
16,he_a736a6,10.07990837097168,12.324073791503906,0,train
16,he_912dc8,11.685785293579102,14.869148254394531,0,validation
16,he_61cd2e,10.045304298400879,9.28172779083252,0,train
16,he_94d049,12.47394847869873,18.146419525146484,0,validation
16,le_16f739,12.380046844482422,15.30412483215332,0,train
16,le_d322ae,12.11985969543457,19.545991897583008,0,validation
16,le_4dda45,11.198090553283691,15.0680570602417,0,validation
16,he_779372,10.433242797851562,9.462908744812012,0,validation
16,he_52dd3f,13.37357234954834,19.407093048095703,0,train
16,he_88bbca,10.640158653259277,11.34477710723877,0,train
16,le_13ede5,12.348278999328613,14.693824768066406,0,train
16,he_0c4405,10.413134574890137,13.053318977355957,0,train
16,he_5d51d5,10.025859832763672,10.560582160949707,0,validation
16,le_4f8401,13.921217918395996,14.62779426574707,0,validation
16,le_c29f8f,9.639742851257324,8.564531326293945,0,validation
16,he_bfa93d,10.263506889343262,10.499184608459473,0,validation
16,le_a0acbc,9.749646186828613,6.440624713897705,0,validation
16,le_268427,7.972756385803223,10.234429359436035,0,validation
16,he_11c1bf,8.90673542022705,10.115191459655762,0,validation
16,le_c47ba7,9.880629539489746,8.129332542419434,0,validation
16,he_6848cb,9.490381240844727,10.8914213180542,0,train
16,le_4364a8,10.890555381774902,13.145868301391602,0,validation
16,he_1c5ebf,8.571366310119629,9.32809829711914,0,train
16,he_75f996,11.885786056518555,12.416348457336426,0,train
16,le_e65b71,7.7284722328186035,12.722822189331055,0,validation
16,he_b91c14,10.835673332214355,12.323633193969727,0,train
16,le_182139,8.009016036987305,6.842172145843506,0,validation
16,le_edf503,7.939976215362549,9.7506742477417,0,train
16,he_a91b67,9.64411449432373,8.512859344482422,0,validation
16,le_b3cf21,10.403254508972168,9.901469230651855,0,train
16,le_018c14,12.952178955078125,15.710439682006836,0,validation
16,he_053b3b,11.650513648986816,12.461812973022461,0,validation
16,he_4e2ec5,9.043559074401855,9.937015533447266,0,train
16,le_f99515,6.59975004196167,4.140069484710693,0,train
16,he_7c20aa,9.871642112731934,11.498122215270996,0,validation
16,le_14d1e0,6.618263244628906,9.28360652923584,0,train
17,he_fc0004,8.408781051635742,7.496394634246826,0,train
17,le_874539,10.086453437805176,11.725689888000488,0,train
17,he_26f62f,11.399914741516113,13.094510078430176,0,validation
17,le_5a2cdc,9.49289321899414,8.540863037109375,0,validation
17,le_b12c12,10.030838966369629,9.454730033874512,0,train
17,he_b87c8d,9.30135726928711,7.17254638671875,0,validation
17,le_c77411,13.125692367553711,9.439474105834961,0,train
17,he_6c78f0,8.778070449829102,6.896045684814453,0,validation
17,he_8cbe6f,12.930006980895996,13.908452033996582,0,train
17,le_5add34,8.516338348388672,6.857729911804199,0,train
17,le_dbd805,11.446300506591797,14.124397277832031,0,train
17,he_6e2a20,12.835967063903809,11.492941856384277,0,train
17,le_596a40,11.828778266906738,11.69994068145752,0,validation
17,he_dbffb8,10.266416549682617,9.85324764251709,0,train
17,he_587580,11.819530487060547,13.557811737060547,0,validation
17,he_e164e6,10.22927188873291,14.165356636047363,0,validation
17,le_5f2ef6,8.24009895324707,9.938708305358887,0,train
17,he_54d58e,10.314959526062012,9.245319366455078,0,validation
17,le_11b481,15.958488464355469,23.58572769165039,0,validation
17,he_491f87,10.184236526489258,8.151016235351562,0,train
17,le_7f270d,13.886808395385742,14.425601959228516,0,train
17,le_62a4bc,8.279458045959473,8.037673950195312,0,train
17,le_8d3ab6,7.142143249511719,8.419090270996094,0,train
17,le_accae0,12.672430038452148,16.80691909790039,0,validation
17,he_a736a6,10.09502124786377,12.1301908493042,0,train
17,he_912dc8,11.634854316711426,14.817329406738281,0,validation
17,he_61cd2e,10.157676696777344,9.245722770690918,0,train
17,he_94d049,12.540857315063477,18.28969383239746,0,validation
17,le_16f739,12.27739429473877,15.351205825805664,0,train
17,le_d322ae,12.241625785827637,19.50654411315918,0,validation
17,le_4dda45,11.177281379699707,14.947809219360352,0,validation
17,he_779372,10.398812294006348,9.259880065917969,0,validation
17,he_52dd3f,13.283384323120117,19.28699493408203,0,train
17,he_88bbca,10.585857391357422,10.999127388000488,0,train
17,le_13ede5,12.19398021697998,14.563234329223633,0,train
17,he_0c4405,10.515103340148926,12.95531940460205,0,train
17,he_5d51d5,10.217000007629395,10.43210506439209,0,validation
17,le_4f8401,13.762728691101074,14.836492538452148,0,validation
17,le_c29f8f,9.48390007019043,8.119712829589844,0,validation
17,he_bfa93d,10.242106437683105,10.584031105041504,0,validation
17,le_a0acbc,10.272479057312012,6.4378509521484375,0,validation
17,le_268427,7.92050838470459,10.33447551727295,0,validation
17,he_11c1bf,9.045039176940918,10.203546524047852,0,validation
17,le_c47ba7,9.728928565979004,8.151464462280273,0,validation
17,he_6848cb,9.52502155303955,10.856219291687012,0,train
17,le_4364a8,10.992786407470703,13.034746170043945,0,validation
17,he_1c5ebf,8.590489387512207,9.230010986328125,0,train
17,he_75f996,11.90933609008789,12.302443504333496,0,train
17,le_e65b71,7.712233066558838,13.093379974365234,0,validation
17,he_b91c14,10.902501106262207,12.315439224243164,0,train
17,le_182139,8.098297119140625,7.023486614227295,0,validation
17,le_edf503,8.155281066894531,9.798514366149902,0,train
17,he_a91b67,9.704438209533691,8.483787536621094,0,validation
17,le_b3cf21,10.76110553741455,10.04486083984375,0,train
17,le_018c14,12.954691886901855,15.249307632446289,0,validation
17,he_053b3b,11.627176284790039,12.473475456237793,0,validation
17,he_4e2ec5,9.123356819152832,9.883607864379883,0,train
17,le_f99515,6.621090888977051,3.7209253311157227,0,train
17,he_7c20aa,9.822386741638184,11.47634506225586,0,validation
17,le_14d1e0,6.727169990539551,9.53878116607666,0,train
18,he_fc0004,8.446321487426758,7.550731182098389,0,train
18,le_874539,10.285124778747559,11.737039566040039,0,train
18,he_26f62f,11.430877685546875,13.198465347290039,0,validation
18,le_5a2cdc,9.466706275939941,8.373753547668457,0,validation
18,le_b12c12,10.03557014465332,9.33843994140625,0,train
18,he_b87c8d,9.322813987731934,7.190989017486572,0,validation
18,le_c77411,13.08612060546875,9.439888000488281,0,train
18,he_6c78f0,8.873587608337402,6.974526882171631,0,validation
18,he_8cbe6f,13.023294448852539,13.843152046203613,0,train
18,le_5add34,8.525803565979004,6.9041428565979,0,train
18,le_dbd805,11.4420166015625,14.2369966506958,0,train
18,he_6e2a20,12.990490913391113,11.607863426208496,0,train
18,le_596a40,11.8001070022583,11.669822692871094,0,validation
18,he_dbffb8,10.135313034057617,9.908604621887207,0,train
18,he_587580,11.844548225402832,13.602957725524902,0,validation
18,he_e164e6,10.233841896057129,14.314026832580566,0,validation
18,le_5f2ef6,8.285001754760742,9.913522720336914,0,train
18,he_54d58e,10.399711608886719,9.342729568481445,0,validation
18,le_11b481,16.10103988647461,23.5065975189209,0,validation
18,he_491f87,10.171716690063477,8.161552429199219,0,train
18,le_7f270d,14.430522918701172,14.414928436279297,0,train
18,le_62a4bc,8.229989051818848,8.097413063049316,0,train
18,le_8d3ab6,6.973287105560303,8.36153507232666,0,train
18,le_accae0,12.833097457885742,16.9866886138916,0,validation
18,he_a736a6,10.061834335327148,12.390717506408691,0,train
18,he_912dc8,11.665759086608887,14.895548820495605,0,validation
18,he_61cd2e,10.181069374084473,9.520967483520508,0,train
18,he_94d049,12.483959197998047,18.490869522094727,0,validation
18,le_16f739,12.541748046875,15.217792510986328,0,train
18,le_d322ae,12.345553398132324,19.67748260498047,0,validation
18,le_4dda45,11.138160705566406,15.300747871398926,0,validation
18,he_779372,10.56667709350586,9.335010528564453,0,validation
18,he_52dd3f,13.366918563842773,19.3116455078125,0,train
18,he_88bbca,10.612727165222168,11.229252815246582,0,train
18,le_13ede5,12.173797607421875,14.561541557312012,0,train
18,he_0c4405,10.384810447692871,13.025680541992188,0,train
18,he_5d51d5,10.365942001342773,10.46467399597168,0,validation
18,le_4f8401,13.930438995361328,14.820183753967285,0,validation
18,le_c29f8f,9.783637046813965,8.354808807373047,0,validation
18,he_bfa93d,10.418776512145996,10.562256813049316,0,validation
18,le_a0acbc,10.004718780517578,6.4477949142456055,0,validation
18,le_268427,7.856599807739258,10.248215675354004,0,validation
18,he_11c1bf,9.124039649963379,10.31380558013916,0,validation
18,le_c47ba7,9.901249885559082,8.114362716674805,0,validation
18,he_6848cb,9.578803062438965,10.979459762573242,0,train
18,le_4364a8,10.789172172546387,13.064859390258789,0,validation
18,he_1c5ebf,8.60693645477295,9.396679878234863,0,train
18,he_75f996,11.946145057678223,12.41330337524414,0,train
18,le_e65b71,7.6084442138671875,12.931888580322266,0,validation
18,he_b91c14,10.860179901123047,12.268056869506836,0,train
18,le_182139,8.083056449890137,7.04627799987793,0,validation
18,le_edf503,8.344941139221191,9.818121910095215,0,train
18,he_a91b67,9.6968355178833,8.532122611999512,0,validation
18,le_b3cf21,10.770931243896484,10.185763359069824,0,train
18,le_018c14,12.840261459350586,15.507944107055664,0,validation
18,he_053b3b,11.465006828308105,12.458382606506348,0,validation
18,he_4e2ec5,9.083507537841797,9.86411190032959,0,train
18,le_f99515,6.440110206604004,3.4857559204101562,0,train
18,he_7c20aa,9.887580871582031,11.446314811706543,0,validation
18,le_14d1e0,6.664852142333984,9.407608032226562,0,train
19,he_fc0004,8.484557151794434,7.557356357574463,0,train
19,le_874539,10.286471366882324,11.633447647094727,0,train
19,he_26f62f,11.433355331420898,13.113637924194336,0,validation
19,le_5a2cdc,9.533801078796387,8.466078758239746,0,validation
19,le_b12c12,10.056499481201172,9.366596221923828,0,train
19,he_b87c8d,9.40457534790039,7.246394157409668,0,validation
19,le_c77411,13.02258586883545,9.288990020751953,0,train
19,he_6c78f0,8.888945579528809,7.007269382476807,0,validation
19,he_8cbe6f,13.000160217285156,13.832056999206543,0,train
19,le_5add34,8.549110412597656,6.97235107421875,0,train
19,le_dbd805,11.381317138671875,14.056756019592285,0,train
19,he_6e2a20,13.023310661315918,11.56322193145752,0,train
19,le_596a40,11.854853630065918,11.800653457641602,0,validation
19,he_dbffb8,10.1165771484375,9.9348783493042,0,train
19,he_587580,11.850162506103516,13.578984260559082,0,validation
19,he_e164e6,10.345279693603516,14.32006549835205,0,validation
19,le_5f2ef6,8.240504264831543,9.797300338745117,0,train
19,he_54d58e,10.362075805664062,9.343624114990234,0,validation
19,le_11b481,16.028947830200195,23.49100112915039,0,validation
19,he_491f87,10.187089920043945,8.235771179199219,0,train
19,le_7f270d,14.513355255126953,14.676077842712402,0,train
19,le_62a4bc,8.28732967376709,8.177847862243652,0,train
19,le_8d3ab6,7.0619988441467285,8.470681190490723,0,train
19,le_accae0,12.857969284057617,17.068252563476562,0,validation
19,he_a736a6,10.105576515197754,12.601913452148438,0,train
19,he_912dc8,11.663692474365234,14.857386589050293,0,validation
19,he_61cd2e,10.193765640258789,9.457694053649902,0,train
19,he_94d049,12.596660614013672,18.461362838745117,0,validation
19,le_16f739,12.61914348602295,15.324319839477539,0,train
19,le_d322ae,12.366788864135742,19.54983901977539,0,validation
19,le_4dda45,11.152843475341797,15.304738998413086,0,validation
19,he_779372,10.602089881896973,9.336464881896973,0,validation
19,he_52dd3f,13.35368824005127,19.417770385742188,0,train
19,he_88bbca,10.62213134765625,11.066143035888672,0,train
19,le_13ede5,12.319766998291016,14.471206665039062,0,train
19,he_0c4405,10.367718696594238,12.962559700012207,0,train
19,he_5d51d5,10.459060668945312,10.546576499938965,0,validation
19,le_4f8401,14.0015869140625,14.867176055908203,0,validation
19,le_c29f8f,9.767650604248047,8.217721939086914,0,validation
19,he_bfa93d,10.406429290771484,10.620497703552246,0,validation
19,le_a0acbc,10.029820442199707,6.639126300811768,0,validation
19,le_268427,7.875240325927734,10.22571086883545,0,validation
19,he_11c1bf,9.118498802185059,10.295828819274902,0,validation
19,le_c47ba7,9.922161102294922,8.192646980285645,0,validation
19,he_6848cb,9.576285362243652,10.9855375289917,0,train
19,le_4364a8,10.867935180664062,13.142189025878906,0,validation
19,he_1c5ebf,8.636432647705078,9.413908958435059,0,train
19,he_75f996,11.96216106414795,12.39942455291748,0,train
19,le_e65b71,7.504514217376709,12.847299575805664,0,validation
19,he_b91c14,10.842870712280273,12.291404724121094,0,train
19,le_182139,8.034516334533691,7.058633804321289,0,validation
19,le_edf503,8.390815734863281,9.803115844726562,0,train
19,he_a91b67,9.721280097961426,8.447213172912598,0,validation
19,le_b3cf21,10.8749418258667,10.235419273376465,0,train
19,le_018c14,12.860603332519531,15.637940406799316,0,validation
19,he_053b3b,11.47668170928955,12.41358757019043,0,validation
19,he_4e2ec5,9.064104080200195,9.856560707092285,0,train
19,le_f99515,6.580897331237793,3.6810123920440674,0,train
19,he_7c20aa,9.933476448059082,11.548054695129395,0,validation
19,le_14d1e0,6.707908630371094,9.403790473937988,0,train
