epoch,canary_id,score,start_epoch,opt_ctx_loss
0,he_063ea0,0.0,None,4.949282169342041
0,he_083235,0.0,None,5.4624505043029785
0,he_0ac9c9,0.3137862849797762,0,8.207261085510254
0,he_0c7385,0.0,None,4.983826637268066
0,he_0d1e06,0.0,None,6.406004428863525
0,he_0fb2e1,0.0,None,5.9286274909973145
0,he_127303,0.4401709437384108,0,6.854488849639893
0,he_1999d4,0.0,None,7.3289337158203125
0,he_1b4616,0.0,None,7.170485496520996
0,he_1d1126,0.21657825934244243,0,6.16888427734375
0,he_2e78b4,0.9950243430723678,0,6.49245023727417
0,he_3585e6,0.0,None,9.560909271240234
0,he_37e47d,0.0,None,6.938863277435303
0,he_3b95b5,0.0,None,6.535468578338623
0,he_3b9ae3,0.0,None,7.986094951629639
0,he_3cc637,0.21118042904615866,0,8.39480972290039
0,he_40ef1d,0.5430950396878732,0,5.711899757385254
0,he_436d20,0.0,None,8.478154182434082
0,he_473b17,0.9449207670440056,0,4.749597549438477
0,he_478c3f,0.9589773678991711,0,7.712973117828369
0,he_49b059,0.0,None,5.695436477661133
0,he_549600,0.5345820165017848,0,6.263286590576172
0,he_6022b5,0.0,None,5.6724629402160645
0,he_6272f6,0.0,None,6.016084671020508
0,he_629ed9,0.25633513083213183,0,7.668395519256592
0,he_672c8b,0.9971040356895141,0,6.012662410736084
0,he_6784af,0.14181573109288506,0,5.580262184143066
0,he_6ae357,0.15166307714835864,0,5.750710487365723
0,he_6ddbe6,0.0,None,5.5316877365112305
0,he_722f29,0.9808360950752643,0,5.770378112792969
0,he_754741,0.33754184556064576,0,6.03274393081665
0,he_76013b,0.3533200510290456,0,5.585350513458252
0,he_77380b,0.0,None,6.696353435516357
0,he_792cb3,0.9694111189528238,0,5.557155609130859
0,he_7a7fe1,0.0,None,6.659154891967773
0,he_840d1e,0.9981148845920793,0,7.512316703796387
0,he_8596ed,0.07314911772058678,0,5.773658275604248
0,he_8782a7,0.6139636018778225,0,6.8129658699035645
0,he_88c16a,0.992339483674487,0,6.976134777069092
0,he_8fc0f2,0.0,None,6.757203578948975
0,he_998860,0.0,None,5.730930805206299
0,he_9f72ce,0.9983057279653526,0,7.271461009979248
0,he_a04312,0.0,1,6.515183448791504
0,he_a08f32,0.0,1,6.055015563964844
0,he_a38c19,0.0,1,5.253293037414551
0,he_a6d246,0.0,None,4.994160175323486
0,he_a89686,0.0,None,6.491127967834473
0,he_be4458,0.0,None,9.07742977142334
0,he_c18cdc,0.0,1,5.970685958862305
0,he_c757a2,0.0,None,6.715127468109131
0,he_c8b284,0.9761154288616338,0,5.9301934242248535
0,he_d238d8,0.0,None,8.476750373840332
0,he_d59f20,0.0,None,4.660562515258789
0,he_db56af,0.1420398873280939,0,7.508566379547119
0,he_ded1dc,0.0,None,7.121176242828369
0,he_e03b1e,0.47431834335263084,0,5.90250301361084
0,he_e86e3d,0.0,None,5.3826494216918945
0,he_f43ca7,0.3829301883039472,0,7.616142749786377
0,he_f7ff62,0.0,None,5.816962718963623
0,he_ff1b1d,0.0,None,6.824191093444824
0,le_022b4e,0.3709561505703407,0,6.6576032638549805
0,le_070f0e,0.2453644624062943,0,6.03388786315918
0,le_07be6e,0.24726263038892435,0,6.380341529846191
0,le_0c55da,0.42988732920149064,0,6.987030506134033
0,le_0c9c18,0.33079817378486465,0,5.95344352722168
0,le_0dcd29,0.9468165304036247,0,7.168611526489258
0,le_151e20,0.28241712122181134,0,5.5695061683654785
0,le_198380,0.19905049554899049,0,5.891459941864014
0,le_2933a3,0.2672416132900609,0,6.061121463775635
0,le_2a7cd2,0.14514272720792057,0,6.240782260894775
0,le_311413,0.1944115698507733,0,5.8522562980651855
0,le_33bf16,0.9453294487170902,0,6.352155685424805
0,le_33e005,0.5458720316895415,0,7.358174800872803
0,le_360ead,0.20713931080074535,0,6.3358941078186035
0,le_37b94b,0.9441544543948303,0,6.232187747955322
0,le_442628,0.2682657073469047,0,6.01479434967041
0,le_507f90,0.2907571232575844,0,7.861386775970459
0,le_65d857,0.42244114430808266,0,6.004913806915283
0,le_6d10f6,0.24707738974328652,0,5.919491767883301
0,le_71904c,0.1964671828727162,0,6.058156490325928
0,le_71edd8,0.24648604727354215,0,6.917726039886475
0,le_72fbb3,0.2777164251669444,0,5.737519264221191
0,le_75c891,0.3628016526928072,0,6.15519905090332
0,le_76153f,0.3306444356960141,0,6.7041707038879395
0,le_7a6251,0.6028442730786968,0,5.75930118560791
0,le_84e58e,0.3257410135243212,0,7.07115364074707
0,le_85c596,0.32171645428217355,0,7.102937698364258
0,le_8d2ffc,0.16949129571749577,0,5.840545177459717
0,le_8fe535,0.27716713525902403,0,5.6905598640441895
0,le_92571b,0.1620433629148753,0,6.272494316101074
0,le_9402bd,0.18455763508990072,0,5.690970420837402
0,le_97c283,0.25037732470292756,0,6.29749059677124
0,le_9aab45,0.24577754576306107,0,5.221127033233643
0,le_9c558a,0.9454241101914012,0,4.975244998931885
0,le_a227bb,0.1903263949542777,0,6.9067511558532715
0,le_a4e098,0.17053630300230094,0,7.636046886444092
0,le_a89442,0.5261316270913559,0,6.635424613952637
0,le_abf5a2,0.25618459107165686,0,7.747227191925049
0,le_b87a23,0.9214664204466081,0,6.696995735168457
0,le_bb8015,0.9499859532559672,0,5.833273887634277
0,le_bc457d,0.5637148037373133,0,5.909835338592529
0,le_be53ce,0.2557312702476443,0,5.270399570465088
0,le_be8610,0.3790268665276424,0,6.5682291984558105
0,le_c87b6b,0.25119992488183374,0,5.8095316886901855
0,le_d24c57,0.26761976411946864,0,6.278597831726074
0,le_d5ff11,0.5499095281634119,0,6.309386253356934
0,le_d60773,0.2952737689081714,0,5.528952121734619
0,le_dc8af8,0.43148943260681116,0,6.782279014587402
0,le_e1e50d,0.216997845825532,0,5.779134750366211
0,le_e5b052,0.5676902688476886,0,7.1314239501953125
0,le_e91edd,0.3193947820675808,0,7.061960220336914
0,le_e9d819,0.46741988001221885,0,6.279869556427002
0,le_eb1f94,0.22004152777364755,0,6.269602298736572
0,le_eb3e1b,0.5230742600247886,0,4.674755573272705
0,le_ec7989,0.4667624048821623,0,5.780691623687744
0,le_ef3652,0.9626719919863179,0,6.02478551864624
0,le_f2453f,0.9671600314281152,0,6.555197238922119
0,le_f3f960,0.9754561181920192,0,6.983586311340332
0,le_f66e27,0.2237999770968047,0,7.640821933746338
0,le_fbe329,0.9516763206973974,0,6.365546703338623
1,he_063ea0,0.0,None,4.949282169342041
1,he_083235,0.0,None,5.4624505043029785
1,he_0ac9c9,0.7965632330331955,0,8.207261085510254
1,he_0c7385,0.0,None,4.983826637268066
1,he_0d1e06,0.0,None,6.406004428863525
1,he_0fb2e1,0.0,None,5.9286274909973145
1,he_127303,0.8012404081974802,0,6.854488849639893
1,he_1999d4,0.0,None,7.3289337158203125
1,he_1b4616,0.0,None,7.170485496520996
1,he_1d1126,0.5307076445642173,0,6.16888427734375
1,he_2e78b4,0.9997831498997042,0,6.49245023727417
1,he_3585e6,0.0,None,9.560909271240234
1,he_37e47d,0.0,None,6.938863277435303
1,he_3b95b5,0.0,None,6.535468578338623
1,he_3b9ae3,0.0,None,7.986094951629639
1,he_3cc637,0.3292639466811836,0,8.39480972290039
1,he_40ef1d,0.9749423289896869,0,5.711899757385254
1,he_436d20,0.0,None,8.478154182434082
1,he_473b17,0.9994335842144096,0,4.749597549438477
1,he_478c3f,0.999888562852222,0,7.712973117828369
1,he_49b059,0.0,None,5.695436477661133
1,he_549600,0.9123744181984953,0,6.263286590576172
1,he_6022b5,0.0,None,5.6724629402160645
1,he_6272f6,0.0,None,6.016084671020508
1,he_629ed9,0.6044609397050366,0,7.668395519256592
1,he_672c8b,0.9998810545001253,0,6.012662410736084
1,he_6784af,0.32697708503486983,0,5.580262184143066
1,he_6ae357,0.6935803218775544,0,5.750710487365723
1,he_6ddbe6,0.0,None,5.5316877365112305
1,he_722f29,0.9885117509519591,0,5.770378112792969
1,he_754741,0.9196717192894707,0,6.03274393081665
1,he_76013b,0.953700187410428,0,5.585350513458252
1,he_77380b,0.0,None,6.696353435516357
1,he_792cb3,0.983249178675928,0,5.557155609130859
1,he_7a7fe1,0.0,None,6.659154891967773
1,he_840d1e,0.9988311133631836,0,7.512316703796387
1,he_8596ed,0.28230380982734155,0,5.773658275604248
1,he_8782a7,0.9179822943660074,0,6.8129658699035645
1,he_88c16a,0.9995434231561472,0,6.976134777069092
1,he_8fc0f2,0.0,None,6.757203578948975
1,he_998860,0.0,None,5.730930805206299
1,he_9f72ce,0.996884304233296,0,7.271461009979248
1,he_a04312,0.16591789849180252,1,6.515183448791504
1,he_a08f32,0.09940899119629355,1,6.055015563964844
1,he_a38c19,0.21851330231568544,1,5.253293037414551
1,he_a6d246,0.0,None,4.994160175323486
1,he_a89686,0.0,None,6.491127967834473
1,he_be4458,0.0,None,9.07742977142334
1,he_c18cdc,0.15671341529837313,1,5.970685958862305
1,he_c757a2,0.0,None,6.715127468109131
1,he_c8b284,0.9993598491778661,0,5.9301934242248535
1,he_d238d8,0.0,None,8.476750373840332
1,he_d59f20,0.0,None,4.660562515258789
1,he_db56af,0.37912235685088946,0,7.508566379547119
1,he_ded1dc,0.0,None,7.121176242828369
1,he_e03b1e,0.9746831432838985,0,5.90250301361084
1,he_e86e3d,0.0,None,5.3826494216918945
1,he_f43ca7,0.8704188709902306,0,7.616142749786377
1,he_f7ff62,0.0,None,5.816962718963623
1,he_ff1b1d,0.0,None,6.824191093444824
1,le_022b4e,0.4876604407704738,0,6.6576032638549805
1,le_070f0e,0.22709708724053618,0,6.03388786315918
1,le_07be6e,0.21879286540325035,0,6.380341529846191
1,le_0c55da,0.6876225229673515,0,6.987030506134033
1,le_0c9c18,0.330639346699264,0,5.95344352722168
1,le_0dcd29,0.9765447855939083,0,7.168611526489258
1,le_151e20,0.29902091600064074,0,5.5695061683654785
1,le_198380,0.21366820536018305,0,5.891459941864014
1,le_2933a3,0.23166009406114801,0,6.061121463775635
1,le_2a7cd2,0.1286423328350857,0,6.240782260894775
1,le_311413,0.18637486901200198,0,5.8522562980651855
1,le_33bf16,0.9840943116511613,0,6.352155685424805
1,le_33e005,0.7582278539253984,0,7.358174800872803
1,le_360ead,0.19639140525792498,0,6.3358941078186035
1,le_37b94b,0.981311208405685,0,6.232187747955322
1,le_442628,0.40689109142600827,0,6.01479434967041
1,le_507f90,0.30606289755577937,0,7.861386775970459
1,le_65d857,0.5077336871110852,0,6.004913806915283
1,le_6d10f6,0.23732740758593834,0,5.919491767883301
1,le_71904c,0.15200417162703292,0,6.058156490325928
1,le_71edd8,0.273479559536111,0,6.917726039886475
1,le_72fbb3,0.2972938179672469,0,5.737519264221191
1,le_75c891,0.4742095604811383,0,6.15519905090332
1,le_76153f,0.3401231110414082,0,6.7041707038879395
1,le_7a6251,0.8906714967465991,0,5.75930118560791
1,le_84e58e,0.4511386389255206,0,7.07115364074707
1,le_85c596,0.4868964630630897,0,7.102937698364258
1,le_8d2ffc,0.16896380302879263,0,5.840545177459717
1,le_8fe535,0.2742848586249889,0,5.6905598640441895
1,le_92571b,0.162301375952972,0,6.272494316101074
1,le_9402bd,0.14173339712421543,0,5.690970420837402
1,le_97c283,0.2635548594492456,0,6.29749059677124
1,le_9aab45,0.20954871260296248,0,5.221127033233643
1,le_9c558a,0.9881545682883444,0,4.975244998931885
1,le_a227bb,0.2161470183279279,0,6.9067511558532715
1,le_a4e098,0.15100508300543694,0,7.636046886444092
1,le_a89442,0.7484457971811852,0,6.635424613952637
1,le_abf5a2,0.33859658635968126,0,7.747227191925049
1,le_b87a23,0.9799888781239903,0,6.696995735168457
1,le_bb8015,0.9756437433654245,0,5.833273887634277
1,le_bc457d,0.8559952707893279,0,5.909835338592529
1,le_be53ce,0.24300774037126605,0,5.270399570465088
1,le_be8610,0.4573103344386306,0,6.5682291984558105
1,le_c87b6b,0.23615051901055126,0,5.8095316886901855
1,le_d24c57,0.26813490882705737,0,6.278597831726074
1,le_d5ff11,0.7802531594101517,0,6.309386253356934
1,le_d60773,0.26978022437672344,0,5.528952121734619
1,le_dc8af8,0.5273985180831401,0,6.782279014587402
1,le_e1e50d,0.2430156000252151,0,5.779134750366211
1,le_e5b052,0.7487478503150642,0,7.1314239501953125
1,le_e91edd,0.45258431395427035,0,7.061960220336914
1,le_e9d819,0.72410570484488,0,6.279869556427002
1,le_eb1f94,0.18874404305527046,0,6.269602298736572
1,le_eb3e1b,0.7916642951065381,0,4.674755573272705
1,le_ec7989,0.8013247393031537,0,5.780691623687744
1,le_ef3652,0.9906787241229466,0,6.02478551864624
1,le_f2453f,0.9878452350816472,0,6.555197238922119
1,le_f3f960,0.9937693997555723,0,6.983586311340332
1,le_f66e27,0.1847559577170819,0,7.640821933746338
1,le_fbe329,0.9780127705350282,0,6.365546703338623
2,he_063ea0,0.0,None,4.949282169342041
2,he_083235,0.0,None,5.4624505043029785
2,he_0ac9c9,0.9959970135478856,0,8.207261085510254
2,he_0c7385,0.0,None,4.983826637268066
2,he_0d1e06,0.0,None,6.406004428863525
2,he_0fb2e1,0.0,None,5.9286274909973145
2,he_127303,0.9007346309419089,0,6.854488849639893
2,he_1999d4,0.0,None,7.3289337158203125
2,he_1b4616,0.0,None,7.170485496520996
2,he_1d1126,0.6819874379767688,0,6.16888427734375
2,he_2e78b4,0.9999335484729237,0,6.49245023727417
2,he_3585e6,0.0,None,9.560909271240234
2,he_37e47d,0.0,None,6.938863277435303
2,he_3b95b5,0.0,None,6.535468578338623
2,he_3b9ae3,0.0,None,7.986094951629639
2,he_3cc637,0.508702830392307,0,8.39480972290039
2,he_40ef1d,0.9893158084028079,0,5.711899757385254
2,he_436d20,0.0,None,8.478154182434082
2,he_473b17,0.9997296006914596,0,4.749597549438477
2,he_478c3f,0.9999639735132004,0,7.712973117828369
2,he_49b059,0.0,None,5.695436477661133
2,he_549600,0.9389274578334753,0,6.263286590576172
2,he_6022b5,0.0,None,5.6724629402160645
2,he_6272f6,0.0,None,6.016084671020508
2,he_629ed9,0.8369388863466762,0,7.668395519256592
2,he_672c8b,0.9999096226002381,0,6.012662410736084
2,he_6784af,0.5218424737354539,0,5.580262184143066
2,he_6ae357,0.9174620675227448,0,5.750710487365723
2,he_6ddbe6,0.0,None,5.5316877365112305
2,he_722f29,0.9835560915260764,0,5.770378112792969
2,he_754741,0.9966196986566342,0,6.03274393081665
2,he_76013b,0.9874256271957357,0,5.585350513458252
2,he_77380b,0.0,None,6.696353435516357
2,he_792cb3,0.9890158396490106,0,5.557155609130859
2,he_7a7fe1,0.0,None,6.659154891967773
2,he_840d1e,0.9981437709870992,0,7.512316703796387
2,he_8596ed,0.38276057319317863,0,5.773658275604248
2,he_8782a7,0.9920983391891348,0,6.8129658699035645
2,he_88c16a,0.9997622817854307,0,6.976134777069092
2,he_8fc0f2,0.0,None,6.757203578948975
2,he_998860,0.0,None,5.730930805206299
2,he_9f72ce,0.9975953710066601,0,7.271461009979248
2,he_a04312,0.33927966315678537,1,6.515183448791504
2,he_a08f32,0.2682121400932157,1,6.055015563964844
2,he_a38c19,0.47142240949721675,1,5.253293037414551
2,he_a6d246,0.0,None,4.994160175323486
2,he_a89686,0.0,None,6.491127967834473
2,he_be4458,0.0,None,9.07742977142334
2,he_c18cdc,0.4993475189267429,1,5.970685958862305
2,he_c757a2,0.0,None,6.715127468109131
2,he_c8b284,0.9994698677271588,0,5.9301934242248535
2,he_d238d8,0.0,None,8.476750373840332
2,he_d59f20,0.0,None,4.660562515258789
2,he_db56af,0.5548718596802295,0,7.508566379547119
2,he_ded1dc,0.0,None,7.121176242828369
2,he_e03b1e,0.9977980151635654,0,5.90250301361084
2,he_e86e3d,0.0,None,5.3826494216918945
2,he_f43ca7,0.967540983999145,0,7.616142749786377
2,he_f7ff62,0.0,None,5.816962718963623
2,he_ff1b1d,0.0,None,6.824191093444824
2,le_022b4e,0.5876206470617474,0,6.6576032638549805
2,le_070f0e,0.19413109551303226,0,6.03388786315918
2,le_07be6e,0.1980581360431779,0,6.380341529846191
2,le_0c55da,0.8723250538375942,0,6.987030506134033
2,le_0c9c18,0.3177997026257169,0,5.95344352722168
2,le_0dcd29,0.9837145501101262,0,7.168611526489258
2,le_151e20,0.30403876644559835,0,5.5695061683654785
2,le_198380,0.20767465782057512,0,5.891459941864014
2,le_2933a3,0.2147921504468577,0,6.061121463775635
2,le_2a7cd2,0.1291068851621299,0,6.240782260894775
2,le_311413,0.16618815290810263,0,5.8522562980651855
2,le_33bf16,0.9915851654665834,0,6.352155685424805
2,le_33e005,0.8829209758715632,0,7.358174800872803
2,le_360ead,0.18789052701546655,0,6.3358941078186035
2,le_37b94b,0.9875346527636709,0,6.232187747955322
2,le_442628,0.5451136274809659,0,6.01479434967041
2,le_507f90,0.29535196717949563,0,7.861386775970459
2,le_65d857,0.5473730818741549,0,6.004913806915283
2,le_6d10f6,0.2313541066373537,0,5.919491767883301
2,le_71904c,0.12496250455041864,0,6.058156490325928
2,le_71edd8,0.28113924065465895,0,6.917726039886475
2,le_72fbb3,0.28875116871460094,0,5.737519264221191
2,le_75c891,0.5175081117797203,0,6.15519905090332
2,le_76153f,0.2988503637888954,0,6.7041707038879395
2,le_7a6251,0.9740093199443953,0,5.75930118560791
2,le_84e58e,0.5029432641522005,0,7.07115364074707
2,le_85c596,0.6283133189311987,0,7.102937698364258
2,le_8d2ffc,0.14535717851745408,0,5.840545177459717
2,le_8fe535,0.24291306605539195,0,5.6905598640441895
2,le_92571b,0.14491696830271056,0,6.272494316101074
2,le_9402bd,0.13261010001818208,0,5.690970420837402
2,le_97c283,0.2510397109972556,0,6.29749059677124
2,le_9aab45,0.20693553320303207,0,5.221127033233643
2,le_9c558a,0.9954673161895256,0,4.975244998931885
2,le_a227bb,0.22924183750265026,0,6.9067511558532715
2,le_a4e098,0.1373152072215033,0,7.636046886444092
2,le_a89442,0.9253690616373375,0,6.635424613952637
2,le_abf5a2,0.46299665669833157,0,7.747227191925049
2,le_b87a23,0.991816769130887,0,6.696995735168457
2,le_bb8015,0.9842433890486446,0,5.833273887634277
2,le_bc457d,0.9544984223189246,0,5.909835338592529
2,le_be53ce,0.25095828407369736,0,5.270399570465088
2,le_be8610,0.5582731227642233,0,6.5682291984558105
2,le_c87b6b,0.2199236982629991,0,5.8095316886901855
2,le_d24c57,0.24161479145031425,0,6.278597831726074
2,le_d5ff11,0.9050912192816335,0,6.309386253356934
2,le_d60773,0.24896634797615846,0,5.528952121734619
2,le_dc8af8,0.6086518620280423,0,6.782279014587402
2,le_e1e50d,0.21941547513788268,0,5.779134750366211
2,le_e5b052,0.8764916406341938,0,7.1314239501953125
2,le_e91edd,0.5310267640710968,0,7.061960220336914
2,le_e9d819,0.8645020467597141,0,6.279869556427002
2,le_eb1f94,0.19127676418313563,0,6.269602298736572
2,le_eb3e1b,0.9148225236602648,0,4.674755573272705
2,le_ec7989,0.931983703647673,0,5.780691623687744
2,le_ef3652,0.9967269163867342,0,6.02478551864624
2,le_f2453f,0.9959290897353433,0,6.555197238922119
2,le_f3f960,0.9977891719534213,0,6.983586311340332
2,le_f66e27,0.19945737525013316,0,7.640821933746338
2,le_fbe329,0.9886630454157187,0,6.365546703338623
3,he_063ea0,0.0,None,4.949282169342041
3,he_083235,0.0,None,5.4624505043029785
3,he_0ac9c9,0.999343750812938,0,8.207261085510254
3,he_0c7385,0.0,None,4.983826637268066
3,he_0d1e06,0.0,None,6.406004428863525
3,he_0fb2e1,0.0,None,5.9286274909973145
3,he_127303,0.990421699743407,0,6.854488849639893
3,he_1999d4,0.0,None,7.3289337158203125
3,he_1b4616,0.0,None,7.170485496520996
3,he_1d1126,0.7603641947863383,0,6.16888427734375
3,he_2e78b4,0.9999360289765528,0,6.49245023727417
3,he_3585e6,0.0,None,9.560909271240234
3,he_37e47d,0.0,None,6.938863277435303
3,he_3b95b5,0.0,None,6.535468578338623
3,he_3b9ae3,0.0,None,7.986094951629639
3,he_3cc637,0.6464745172901267,0,8.39480972290039
3,he_40ef1d,0.997218073039219,0,5.711899757385254
3,he_436d20,0.0,None,8.478154182434082
3,he_473b17,0.9998620380785298,0,4.749597549438477
3,he_478c3f,0.9999830291645029,0,7.712973117828369
3,he_49b059,0.0,None,5.695436477661133
3,he_549600,0.9156201484819564,0,6.263286590576172
3,he_6022b5,0.0,None,5.6724629402160645
3,he_6272f6,0.0,None,6.016084671020508
3,he_629ed9,0.9742785800412405,0,7.668395519256592
3,he_672c8b,0.9999492675150562,0,6.012662410736084
3,he_6784af,0.6486008135929462,0,5.580262184143066
3,he_6ae357,0.9357834480254499,0,5.750710487365723
3,he_6ddbe6,0.0,None,5.5316877365112305
3,he_722f29,0.9790761172711167,0,5.770378112792969
3,he_754741,0.9978049496405331,0,6.03274393081665
3,he_76013b,0.9979404641085062,0,5.585350513458252
3,he_77380b,0.0,None,6.696353435516357
3,he_792cb3,0.9921988330923616,0,5.557155609130859
3,he_7a7fe1,0.0,None,6.659154891967773
3,he_840d1e,0.9997196222326108,0,7.512316703796387
3,he_8596ed,0.5762417639757523,0,5.773658275604248
3,he_8782a7,0.996844003329758,0,6.8129658699035645
3,he_88c16a,0.9998944551039021,0,6.976134777069092
3,he_8fc0f2,0.0,None,6.757203578948975
3,he_998860,0.0,None,5.730930805206299
3,he_9f72ce,0.9989036552495419,0,7.271461009979248
3,he_a04312,0.5033544165294991,1,6.515183448791504
3,he_a08f32,0.4630495858969335,1,6.055015563964844
3,he_a38c19,0.5088976499311879,1,5.253293037414551
3,he_a6d246,0.0,None,4.994160175323486
3,he_a89686,0.0,None,6.491127967834473
3,he_be4458,0.0,None,9.07742977142334
3,he_c18cdc,0.7050418178873413,1,5.970685958862305
3,he_c757a2,0.0,None,6.715127468109131
3,he_c8b284,0.9998635618846172,0,5.9301934242248535
3,he_d238d8,0.0,None,8.476750373840332
3,he_d59f20,0.0,None,4.660562515258789
3,he_db56af,0.7755870392379818,0,7.508566379547119
3,he_ded1dc,0.0,None,7.121176242828369
3,he_e03b1e,0.9988592944454114,0,5.90250301361084
3,he_e86e3d,0.0,None,5.3826494216918945
3,he_f43ca7,0.9949169356834111,0,7.616142749786377
3,he_f7ff62,0.0,None,5.816962718963623
3,he_ff1b1d,0.0,None,6.824191093444824
3,le_022b4e,0.6815509175400727,0,6.6576032638549805
3,le_070f0e,0.11974335347455899,0,6.03388786315918
3,le_07be6e,0.14526940828872006,0,6.380341529846191
3,le_0c55da,0.9396912992783323,0,6.987030506134033
3,le_0c9c18,0.2887616581323473,0,5.95344352722168
3,le_0dcd29,0.9842765241573115,0,7.168611526489258
3,le_151e20,0.2879478953135765,0,5.5695061683654785
3,le_198380,0.1969989041938079,0,5.891459941864014
3,le_2933a3,0.1710065373607132,0,6.061121463775635
3,le_2a7cd2,0.09904232690593098,0,6.240782260894775
3,le_311413,0.14876260391551552,0,5.8522562980651855
3,le_33bf16,0.994207395907806,0,6.352155685424805
3,le_33e005,0.9217799238180334,0,7.358174800872803
3,le_360ead,0.1562401574492037,0,6.3358941078186035
3,le_37b94b,0.9857119563678834,0,6.232187747955322
3,le_442628,0.6445737247162623,0,6.01479434967041
3,le_507f90,0.31252017177909497,0,7.861386775970459
3,le_65d857,0.601855943560728,0,6.004913806915283
3,le_6d10f6,0.21171470381117433,0,5.919491767883301
3,le_71904c,0.09991463906571296,0,6.058156490325928
3,le_71edd8,0.2716785629083614,0,6.917726039886475
3,le_72fbb3,0.26696175758054264,0,5.737519264221191
3,le_75c891,0.6013171435503798,0,6.15519905090332
3,le_76153f,0.2802518409933665,0,6.7041707038879395
3,le_7a6251,0.9836390184159303,0,5.75930118560791
3,le_84e58e,0.5764675152219082,0,7.07115364074707
3,le_85c596,0.7201445830206084,0,7.102937698364258
3,le_8d2ffc,0.14358365682163327,0,5.840545177459717
3,le_8fe535,0.20938851106450837,0,5.6905598640441895
3,le_92571b,0.11734537880707968,0,6.272494316101074
3,le_9402bd,0.06008430786194692,0,5.690970420837402
3,le_97c283,0.20745290587156082,0,6.29749059677124
3,le_9aab45,0.1928665764281227,0,5.221127033233643
3,le_9c558a,0.995712711628,0,4.975244998931885
3,le_a227bb,0.21518882209798373,0,6.9067511558532715
3,le_a4e098,0.12354359021081056,0,7.636046886444092
3,le_a89442,0.9398899349171507,0,6.635424613952637
3,le_abf5a2,0.5709609454922853,0,7.747227191925049
3,le_b87a23,0.9923717554119308,0,6.696995735168457
3,le_bb8015,0.985694288602255,0,5.833273887634277
3,le_bc457d,0.979395567654952,0,5.909835338592529
3,le_be53ce,0.234447126613467,0,5.270399570465088
3,le_be8610,0.6308609158540281,0,6.5682291984558105
3,le_c87b6b,0.21340921647041308,0,5.8095316886901855
3,le_d24c57,0.23364261761863253,0,6.278597831726074
3,le_d5ff11,0.9449114863333944,0,6.309386253356934
3,le_d60773,0.2329008759166517,0,5.528952121734619
3,le_dc8af8,0.6482663513193335,0,6.782279014587402
3,le_e1e50d,0.2008360916469715,0,5.779134750366211
3,le_e5b052,0.9144798665122549,0,7.1314239501953125
3,le_e91edd,0.5882325892687132,0,7.061960220336914
3,le_e9d819,0.9133493335265019,0,6.279869556427002
3,le_eb1f94,0.16647205355456737,0,6.269602298736572
3,le_eb3e1b,0.9506662260664956,0,4.674755573272705
3,le_ec7989,0.9586254496518969,0,5.780691623687744
3,le_ef3652,0.9961819312242187,0,6.02478551864624
3,le_f2453f,0.9955575309134667,0,6.555197238922119
3,le_f3f960,0.9981009019771462,0,6.983586311340332
3,le_f66e27,0.18328647123230735,0,7.640821933746338
3,le_fbe329,0.9902913314938538,0,6.365546703338623
4,he_063ea0,0.0,None,4.949282169342041
4,he_083235,0.0,None,5.4624505043029785
4,he_0ac9c9,0.9996123459629436,0,8.207261085510254
4,he_0c7385,0.0,None,4.983826637268066
4,he_0d1e06,0.0,None,6.406004428863525
4,he_0fb2e1,0.0,None,5.9286274909973145
4,he_127303,0.9955223554629579,0,6.854488849639893
4,he_1999d4,0.0,None,7.3289337158203125
4,he_1b4616,0.0,None,7.170485496520996
4,he_1d1126,0.8864565580755113,0,6.16888427734375
4,he_2e78b4,0.9999742810381524,0,6.49245023727417
4,he_3585e6,0.0,None,9.560909271240234
4,he_37e47d,0.0,None,6.938863277435303
4,he_3b95b5,0.0,None,6.535468578338623
4,he_3b9ae3,0.0,None,7.986094951629639
4,he_3cc637,0.7452084873598652,0,8.39480972290039
4,he_40ef1d,0.9940101961367415,0,5.711899757385254
4,he_436d20,0.0,None,8.478154182434082
4,he_473b17,0.999909338904849,0,4.749597549438477
4,he_478c3f,0.9999907778958146,0,7.712973117828369
4,he_49b059,0.0,None,5.695436477661133
4,he_549600,0.9371531278796966,0,6.263286590576172
4,he_6022b5,0.0,None,5.6724629402160645
4,he_6272f6,0.0,None,6.016084671020508
4,he_629ed9,0.9911291091583021,0,7.668395519256592
4,he_672c8b,0.99997926966314,0,6.012662410736084
4,he_6784af,0.740935905330225,0,5.580262184143066
4,he_6ae357,0.9427372691087331,0,5.750710487365723
4,he_6ddbe6,0.0,None,5.5316877365112305
4,he_722f29,0.9836241301081036,0,5.770378112792969
4,he_754741,0.9992733677415494,0,6.03274393081665
4,he_76013b,0.9986878706861431,0,5.585350513458252
4,he_77380b,0.0,None,6.696353435516357
4,he_792cb3,0.9892815217636132,0,5.557155609130859
4,he_7a7fe1,0.0,None,6.659154891967773
4,he_840d1e,0.9990858485445916,0,7.512316703796387
4,he_8596ed,0.701847353690326,0,5.773658275604248
4,he_8782a7,0.9987700372738678,0,6.8129658699035645
4,he_88c16a,0.9999164645923071,0,6.976134777069092
4,he_8fc0f2,0.0,None,6.757203578948975
4,he_998860,0.0,None,5.730930805206299
4,he_9f72ce,0.9987598116009335,0,7.271461009979248
4,he_a04312,0.6494686873551323,1,6.515183448791504
4,he_a08f32,0.5949159445745758,1,6.055015563964844
4,he_a38c19,0.632977613412927,1,5.253293037414551
4,he_a6d246,0.0,None,4.994160175323486
4,he_a89686,0.0,None,6.491127967834473
4,he_be4458,0.0,None,9.07742977142334
4,he_c18cdc,0.8184842577161278,1,5.970685958862305
4,he_c757a2,0.0,None,6.715127468109131
4,he_c8b284,0.9999099129883114,0,5.9301934242248535
4,he_d238d8,0.0,None,8.476750373840332
4,he_d59f20,0.0,None,4.660562515258789
4,he_db56af,0.8513111715191941,0,7.508566379547119
4,he_ded1dc,0.0,None,7.121176242828369
4,he_e03b1e,0.9994966339354361,0,5.90250301361084
4,he_e86e3d,0.0,None,5.3826494216918945
4,he_f43ca7,0.9955870444446664,0,7.616142749786377
4,he_f7ff62,0.0,None,5.816962718963623
4,he_ff1b1d,0.0,None,6.824191093444824
4,le_022b4e,0.7556229742345048,0,6.6576032638549805
4,le_070f0e,0.11280024150504427,0,6.03388786315918
4,le_07be6e,0.11741172594900089,0,6.380341529846191
4,le_0c55da,0.9474320721579023,0,6.987030506134033
4,le_0c9c18,0.2807882661144215,0,5.95344352722168
4,le_0dcd29,0.9863001487311679,0,7.168611526489258
4,le_151e20,0.28502065179059666,0,5.5695061683654785
4,le_198380,0.1967924338787112,0,5.891459941864014
4,le_2933a3,0.1912188039218972,0,6.061121463775635
4,le_2a7cd2,0.10961150359924904,0,6.240782260894775
4,le_311413,0.11169453839222473,0,5.8522562980651855
4,le_33bf16,0.995050928279241,0,6.352155685424805
4,le_33e005,0.9377825280530478,0,7.358174800872803
4,le_360ead,0.13342707675046603,0,6.3358941078186035
4,le_37b94b,0.9883670076997852,0,6.232187747955322
4,le_442628,0.7402446603114745,0,6.01479434967041
4,le_507f90,0.30749800913145847,0,7.861386775970459
4,le_65d857,0.6634703428043843,0,6.004913806915283
4,le_6d10f6,0.2042677528746808,0,5.919491767883301
4,le_71904c,0.0690291718730015,0,6.058156490325928
4,le_71edd8,0.268786063616787,0,6.917726039886475
4,le_72fbb3,0.2681965019592851,0,5.737519264221191
4,le_75c891,0.674140334176506,0,6.15519905090332
4,le_76153f,0.2851402220465424,0,6.7041707038879395
4,le_7a6251,0.9902869490403315,0,5.75930118560791
4,le_84e58e,0.6377302504962479,0,7.07115364074707
4,le_85c596,0.7898601061765823,0,7.102937698364258
4,le_8d2ffc,0.12952790751463586,0,5.840545177459717
4,le_8fe535,0.19441838670772482,0,5.6905598640441895
4,le_92571b,0.1181213184299002,0,6.272494316101074
4,le_9402bd,0.07848297797287435,0,5.690970420837402
4,le_97c283,0.21029159610639825,0,6.29749059677124
4,le_9aab45,0.18379036041564284,0,5.221127033233643
4,le_9c558a,0.9970106448054384,0,4.975244998931885
4,le_a227bb,0.21162321920932484,0,6.9067511558532715
4,le_a4e098,0.11143976898642939,0,7.636046886444092
4,le_a89442,0.9614508654884979,0,6.635424613952637
4,le_abf5a2,0.6345254384578971,0,7.747227191925049
4,le_b87a23,0.9958386247471274,0,6.696995735168457
4,le_bb8015,0.9887351169602188,0,5.833273887634277
4,le_bc457d,0.987734594432646,0,5.909835338592529
4,le_be53ce,0.2380135438628427,0,5.270399570465088
4,le_be8610,0.7248126530219625,0,6.5682291984558105
4,le_c87b6b,0.19447331552724179,0,5.8095316886901855
4,le_d24c57,0.21877967132506945,0,6.278597831726074
4,le_d5ff11,0.9668496620664158,0,6.309386253356934
4,le_d60773,0.23024112093321178,0,5.528952121734619
4,le_dc8af8,0.690420094393281,0,6.782279014587402
4,le_e1e50d,0.22428010736878168,0,5.779134750366211
4,le_e5b052,0.9442578672450869,0,7.1314239501953125
4,le_e91edd,0.6419316969799603,0,7.061960220336914
4,le_e9d819,0.9372711342908392,0,6.279869556427002
4,le_eb1f94,0.17655144855509555,0,6.269602298736572
4,le_eb3e1b,0.9703821848199139,0,4.674755573272705
4,le_ec7989,0.9763302417621594,0,5.780691623687744
4,le_ef3652,0.9975150497007157,0,6.02478551864624
4,le_f2453f,0.9966365644420937,0,6.555197238922119
4,le_f3f960,0.9991513791163098,0,6.983586311340332
4,le_f66e27,0.16681832492769424,0,7.640821933746338
4,le_fbe329,0.9955874381597569,0,6.365546703338623
5,he_063ea0,0.0,None,4.949282169342041
5,he_083235,0.0,None,5.4624505043029785
5,he_0ac9c9,0.999825723438325,0,8.207261085510254
5,he_0c7385,0.0,None,4.983826637268066
5,he_0d1e06,0.0,None,6.406004428863525
5,he_0fb2e1,0.0,None,5.9286274909973145
5,he_127303,0.9988271604555822,0,6.854488849639893
5,he_1999d4,0.0,None,7.3289337158203125
5,he_1b4616,0.0,None,7.170485496520996
5,he_1d1126,0.927323787045431,0,6.16888427734375
5,he_2e78b4,0.9999714445505955,0,6.49245023727417
5,he_3585e6,0.0,None,9.560909271240234
5,he_37e47d,0.0,None,6.938863277435303
5,he_3b95b5,0.0,None,6.535468578338623
5,he_3b9ae3,0.0,None,7.986094951629639
5,he_3cc637,0.8267224237031894,0,8.39480972290039
5,he_40ef1d,0.9965624981608013,0,5.711899757385254
5,he_436d20,0.0,None,8.478154182434082
5,he_473b17,0.9999387396345466,0,4.749597549438477
5,he_478c3f,0.9999931556711078,0,7.712973117828369
5,he_49b059,0.0,None,5.695436477661133
5,he_549600,0.9563954827323262,0,6.263286590576172
5,he_6022b5,0.0,None,5.6724629402160645
5,he_6272f6,0.0,None,6.016084671020508
5,he_629ed9,0.9967867771129316,0,7.668395519256592
5,he_672c8b,0.9999801442695221,0,6.012662410736084
5,he_6784af,0.8267019338683571,0,5.580262184143066
5,he_6ae357,0.9590533488116282,0,5.750710487365723
5,he_6ddbe6,0.0,None,5.5316877365112305
5,he_722f29,0.9808447885712845,0,5.770378112792969
5,he_754741,0.9996968740538484,0,6.03274393081665
5,he_76013b,0.9994085898350556,0,5.585350513458252
5,he_77380b,0.0,None,6.696353435516357
5,he_792cb3,0.9913344478278218,0,5.557155609130859
5,he_7a7fe1,0.0,None,6.659154891967773
5,he_840d1e,0.998033551896303,0,7.512316703796387
5,he_8596ed,0.8120881368463242,0,5.773658275604248
5,he_8782a7,0.9992026305750045,0,6.8129658699035645
5,he_88c16a,0.9999442161813896,0,6.976134777069092
5,he_8fc0f2,0.0,None,6.757203578948975
5,he_998860,0.0,None,5.730930805206299
5,he_9f72ce,0.9974546138095051,0,7.271461009979248
5,he_a04312,0.7517715117764118,1,6.515183448791504
5,he_a08f32,0.691939161405065,1,6.055015563964844
5,he_a38c19,0.6819346572564431,1,5.253293037414551
5,he_a6d246,0.0,None,4.994160175323486
5,he_a89686,0.0,None,6.491127967834473
5,he_be4458,0.0,None,9.07742977142334
5,he_c18cdc,0.8903038357581351,1,5.970685958862305
5,he_c757a2,0.0,None,6.715127468109131
5,he_c8b284,0.9999520378088993,0,5.9301934242248535
5,he_d238d8,0.0,None,8.476750373840332
5,he_d59f20,0.0,None,4.660562515258789
5,he_db56af,0.9120736342849776,0,7.508566379547119
5,he_ded1dc,0.0,None,7.121176242828369
5,he_e03b1e,0.9997425205231107,0,5.90250301361084
5,he_e86e3d,0.0,None,5.3826494216918945
5,he_f43ca7,0.9943551742944573,0,7.616142749786377
5,he_f7ff62,0.0,None,5.816962718963623
5,he_ff1b1d,0.0,None,6.824191093444824
5,le_022b4e,0.7943402258959064,0,6.6576032638549805
5,le_070f0e,0.10214596514298269,0,6.03388786315918
5,le_07be6e,0.0917376615274145,0,6.380341529846191
5,le_0c55da,0.937112963915248,0,6.987030506134033
5,le_0c9c18,0.25382114099840486,0,5.95344352722168
5,le_0dcd29,0.9859693059022588,0,7.168611526489258
5,le_151e20,0.2665654175421942,0,5.5695061683654785
5,le_198380,0.18893660665268236,0,5.891459941864014
5,le_2933a3,0.177419597197503,0,6.061121463775635
5,le_2a7cd2,0.07611911457854598,0,6.240782260894775
5,le_311413,0.10207396339514373,0,5.8522562980651855
5,le_33bf16,0.9923145039506251,0,6.352155685424805
5,le_33e005,0.9448456969773792,0,7.358174800872803
5,le_360ead,0.10983182253353627,0,6.3358941078186035
5,le_37b94b,0.9849125290889066,0,6.232187747955322
5,le_442628,0.7865815972775513,0,6.01479434967041
5,le_507f90,0.2965166760753617,0,7.861386775970459
5,le_65d857,0.6890901467035786,0,6.004913806915283
5,le_6d10f6,0.1939096705883983,0,5.919491767883301
5,le_71904c,0.07110184082881571,0,6.058156490325928
5,le_71edd8,0.24739130174048318,0,6.917726039886475
5,le_72fbb3,0.2529588737123362,0,5.737519264221191
5,le_75c891,0.699138168917761,0,6.15519905090332
5,le_76153f,0.294795786386091,0,6.7041707038879395
5,le_7a6251,0.98964031606093,0,5.75930118560791
5,le_84e58e,0.6761913454486407,0,7.07115364074707
5,le_85c596,0.8215564610222651,0,7.102937698364258
5,le_8d2ffc,0.10354679029965357,0,5.840545177459717
5,le_8fe535,0.20253395999268978,0,5.6905598640441895
5,le_92571b,0.09759894313480824,0,6.272494316101074
5,le_9402bd,0.04056295732741899,0,5.690970420837402
5,le_97c283,0.21393668940874755,0,6.29749059677124
5,le_9aab45,0.14856974708518575,0,5.221127033233643
5,le_9c558a,0.9967401919396685,0,4.975244998931885
5,le_a227bb,0.21474496853776245,0,6.9067511558532715
5,le_a4e098,0.0950774733855499,0,7.636046886444092
5,le_a89442,0.9558556275472506,0,6.635424613952637
5,le_abf5a2,0.7029245749691038,0,7.747227191925049
5,le_b87a23,0.99371695375588,0,6.696995735168457
5,le_bb8015,0.9881654291185785,0,5.833273887634277
5,le_bc457d,0.9827231350447719,0,5.909835338592529
5,le_be53ce,0.22570854936776819,0,5.270399570465088
5,le_be8610,0.755075129359708,0,6.5682291984558105
5,le_c87b6b,0.2016301430027617,0,5.8095316886901855
5,le_d24c57,0.21530929871512292,0,6.278597831726074
5,le_d5ff11,0.973616462877677,0,6.309386253356934
5,le_d60773,0.226142217719919,0,5.528952121734619
5,le_dc8af8,0.7134716598692161,0,6.782279014587402
5,le_e1e50d,0.20102710259738588,0,5.779134750366211
5,le_e5b052,0.9428485615498593,0,7.1314239501953125
5,le_e91edd,0.6775178791308901,0,7.061960220336914
5,le_e9d819,0.9449457096710583,0,6.279869556427002
5,le_eb1f94,0.16720172913490244,0,6.269602298736572
5,le_eb3e1b,0.9681877362443647,0,4.674755573272705
5,le_ec7989,0.9755649679299387,0,5.780691623687744
5,le_ef3652,0.9972980163001604,0,6.02478551864624
5,le_f2453f,0.9953990866670013,0,6.555197238922119
5,le_f3f960,0.9990620349992595,0,6.983586311340332
5,le_f66e27,0.15547855976969496,0,7.640821933746338
5,le_fbe329,0.992680153518078,0,6.365546703338623
6,he_063ea0,0.0,None,4.949282169342041
6,he_083235,0.0,None,5.4624505043029785
6,he_0ac9c9,0.9997896806877652,0,8.207261085510254
6,he_0c7385,0.0,None,4.983826637268066
6,he_0d1e06,0.0,None,6.406004428863525
6,he_0fb2e1,0.0,None,5.9286274909973145
6,he_127303,0.9990670964841811,0,6.854488849639893
6,he_1999d4,0.0,None,7.3289337158203125
6,he_1b4616,0.0,None,7.170485496520996
6,he_1d1126,0.9335564734505941,0,6.16888427734375
6,he_2e78b4,0.9999802901723689,0,6.49245023727417
6,he_3585e6,0.0,None,9.560909271240234
6,he_37e47d,0.0,None,6.938863277435303
6,he_3b95b5,0.0,None,6.535468578338623
6,he_3b9ae3,0.0,None,7.986094951629639
6,he_3cc637,0.9088825685627285,0,8.39480972290039
6,he_40ef1d,0.9955405849012942,0,5.711899757385254
6,he_436d20,0.0,None,8.478154182434082
6,he_473b17,0.9999501913292145,0,4.749597549438477
6,he_478c3f,0.999992246103429,0,7.712973117828369
6,he_49b059,0.0,None,5.695436477661133
6,he_549600,0.9649546554360147,0,6.263286590576172
6,he_6022b5,0.0,None,5.6724629402160645
6,he_6272f6,0.0,None,6.016084671020508
6,he_629ed9,0.9974028433967647,0,7.668395519256592
6,he_672c8b,0.9999773907899604,0,6.012662410736084
6,he_6784af,0.8380629105798016,0,5.580262184143066
6,he_6ae357,0.951266692006394,0,5.750710487365723
6,he_6ddbe6,0.0,None,5.5316877365112305
6,he_722f29,0.9814001703630831,0,5.770378112792969
6,he_754741,0.9997029472047801,0,6.03274393081665
6,he_76013b,0.9993940983814251,0,5.585350513458252
6,he_77380b,0.0,None,6.696353435516357
6,he_792cb3,0.9910052987871325,0,5.557155609130859
6,he_7a7fe1,0.0,None,6.659154891967773
6,he_840d1e,0.996805186232463,0,7.512316703796387
6,he_8596ed,0.8734979958687634,0,5.773658275604248
6,he_8782a7,0.9994087610567257,0,6.8129658699035645
6,he_88c16a,0.999954089957405,0,6.976134777069092
6,he_8fc0f2,0.0,None,6.757203578948975
6,he_998860,0.0,None,5.730930805206299
6,he_9f72ce,0.9983421545733087,0,7.271461009979248
6,he_a04312,0.7936336346995937,1,6.515183448791504
6,he_a08f32,0.7570621527878404,1,6.055015563964844
6,he_a38c19,0.7338378648036472,1,5.253293037414551
6,he_a6d246,0.0,None,4.994160175323486
6,he_a89686,0.0,None,6.491127967834473
6,he_be4458,0.0,None,9.07742977142334
6,he_c18cdc,0.9149990963496519,1,5.970685958862305
6,he_c757a2,0.0,None,6.715127468109131
6,he_c8b284,0.9999549548058941,0,5.9301934242248535
6,he_d238d8,0.0,None,8.476750373840332
6,he_d59f20,0.0,None,4.660562515258789
6,he_db56af,0.9312064171927854,0,7.508566379547119
6,he_ded1dc,0.0,None,7.121176242828369
6,he_e03b1e,0.9997866678137736,0,5.90250301361084
6,he_e86e3d,0.0,None,5.3826494216918945
6,he_f43ca7,0.9979404358493869,0,7.616142749786377
6,he_f7ff62,0.0,None,5.816962718963623
6,he_ff1b1d,0.0,None,6.824191093444824
6,le_022b4e,0.8462249622296395,0,6.6576032638549805
6,le_070f0e,0.06353321247544251,0,6.03388786315918
6,le_07be6e,0.07728443966337398,0,6.380341529846191
6,le_0c55da,0.964405508325505,0,6.987030506134033
6,le_0c9c18,0.24072427393675558,0,5.95344352722168
6,le_0dcd29,0.9891067876781634,0,7.168611526489258
6,le_151e20,0.26051418562219625,0,5.5695061683654785
6,le_198380,0.18521852224072172,0,5.891459941864014
6,le_2933a3,0.1394931183337263,0,6.061121463775635
6,le_2a7cd2,0.0669438240862588,0,6.240782260894775
6,le_311413,0.06561332530382982,0,5.8522562980651855
6,le_33bf16,0.9958695876752701,0,6.352155685424805
6,le_33e005,0.9569501139605958,0,7.358174800872803
6,le_360ead,0.07561795884847622,0,6.3358941078186035
6,le_37b94b,0.9888668653874625,0,6.232187747955322
6,le_442628,0.8290578644036461,0,6.01479434967041
6,le_507f90,0.2983553293802459,0,7.861386775970459
6,le_65d857,0.7216495197374905,0,6.004913806915283
6,le_6d10f6,0.17836602230661747,0,5.919491767883301
6,le_71904c,0.05061088755300623,0,6.058156490325928
6,le_71edd8,0.253689964854786,0,6.917726039886475
6,le_72fbb3,0.24038155155433846,0,5.737519264221191
6,le_75c891,0.7576011427608157,0,6.15519905090332
6,le_76153f,0.28192456932650956,0,6.7041707038879395
6,le_7a6251,0.9928669182180934,0,5.75930118560791
6,le_84e58e,0.7280778357201871,0,7.07115364074707
6,le_85c596,0.8709856007744392,0,7.102937698364258
6,le_8d2ffc,0.08650406567786076,0,5.840545177459717
6,le_8fe535,0.17283956410478357,0,5.6905598640441895
6,le_92571b,0.09432368275373651,0,6.272494316101074
6,le_9402bd,0.05123935573443442,0,5.690970420837402
6,le_97c283,0.2035387843909139,0,6.29749059677124
6,le_9aab45,0.15683341435684214,0,5.221127033233643
6,le_9c558a,0.9974596085353722,0,4.975244998931885
6,le_a227bb,0.2056489737621032,0,6.9067511558532715
6,le_a4e098,0.09234779099798669,0,7.636046886444092
6,le_a89442,0.9720564717285639,0,6.635424613952637
6,le_abf5a2,0.7613433845139134,0,7.747227191925049
6,le_b87a23,0.9964412783089758,0,6.696995735168457
6,le_bb8015,0.9909766823129432,0,5.833273887634277
6,le_bc457d,0.99163186030755,0,5.909835338592529
6,le_be53ce,0.21956179725570713,0,5.270399570465088
6,le_be8610,0.8009826800463898,0,6.5682291984558105
6,le_c87b6b,0.19840068565025518,0,5.8095316886901855
6,le_d24c57,0.20537208667554632,0,6.278597831726074
6,le_d5ff11,0.9795237656538346,0,6.309386253356934
6,le_d60773,0.21869404132952217,0,5.528952121734619
6,le_dc8af8,0.7434966643160916,0,6.782279014587402
6,le_e1e50d,0.2034220416240502,0,5.779134750366211
6,le_e5b052,0.9452752900570218,0,7.1314239501953125
6,le_e91edd,0.7126169243438422,0,7.061960220336914
6,le_e9d819,0.9599500717206837,0,6.279869556427002
6,le_eb1f94,0.1604400231238861,0,6.269602298736572
6,le_eb3e1b,0.983894787762199,0,4.674755573272705
6,le_ec7989,0.9865625548286813,0,5.780691623687744
6,le_ef3652,0.9985557693164409,0,6.02478551864624
6,le_f2453f,0.9968510577028343,0,6.555197238922119
6,le_f3f960,0.9995304942331031,0,6.983586311340332
6,le_f66e27,0.14087561973581444,0,7.640821933746338
6,le_fbe329,0.996281770000009,0,6.365546703338623
7,he_063ea0,0.0,None,4.949282169342041
7,he_083235,0.0,None,5.4624505043029785
7,he_0ac9c9,0.9998228216727056,0,8.207261085510254
7,he_0c7385,0.0,None,4.983826637268066
7,he_0d1e06,0.0,None,6.406004428863525
7,he_0fb2e1,0.0,None,5.9286274909973145
7,he_127303,0.9991700110909428,0,6.854488849639893
7,he_1999d4,0.0,None,7.3289337158203125
7,he_1b4616,0.0,None,7.170485496520996
7,he_1d1126,0.9400069880486243,0,6.16888427734375
7,he_2e78b4,0.9999826099447439,0,6.49245023727417
7,he_3585e6,0.0,None,9.560909271240234
7,he_37e47d,0.0,None,6.938863277435303
7,he_3b95b5,0.0,None,6.535468578338623
7,he_3b9ae3,0.0,None,7.986094951629639
7,he_3cc637,0.9344472996943175,0,8.39480972290039
7,he_40ef1d,0.9961508365755755,0,5.711899757385254
7,he_436d20,0.0,None,8.478154182434082
7,he_473b17,0.9999569488584203,0,4.749597549438477
7,he_478c3f,0.9999933808803741,0,7.712973117828369
7,he_49b059,0.0,None,5.695436477661133
7,he_549600,0.951728180578336,0,6.263286590576172
7,he_6022b5,0.0,None,5.6724629402160645
7,he_6272f6,0.0,None,6.016084671020508
7,he_629ed9,0.9972987811183468,0,7.668395519256592
7,he_672c8b,0.9999875156797842,0,6.012662410736084
7,he_6784af,0.9012206350899087,0,5.580262184143066
7,he_6ae357,0.9566190797408715,0,5.750710487365723
7,he_6ddbe6,0.0,None,5.5316877365112305
7,he_722f29,0.9830224467022715,0,5.770378112792969
7,he_754741,0.9996522978870931,0,6.03274393081665
7,he_76013b,0.9993217523313879,0,5.585350513458252
7,he_77380b,0.0,None,6.696353435516357
7,he_792cb3,0.9898881425258705,0,5.557155609130859
7,he_7a7fe1,0.0,None,6.659154891967773
7,he_840d1e,0.9984538177894908,0,7.512316703796387
7,he_8596ed,0.9019414280639819,0,5.773658275604248
7,he_8782a7,0.9995434049619168,0,6.8129658699035645
7,he_88c16a,0.9999572701611315,0,6.976134777069092
7,he_8fc0f2,0.0,None,6.757203578948975
7,he_998860,0.0,None,5.730930805206299
7,he_9f72ce,0.997840519630612,0,7.271461009979248
7,he_a04312,0.8512412329205252,1,6.515183448791504
7,he_a08f32,0.7877771987845921,1,6.055015563964844
7,he_a38c19,0.7855409262850693,1,5.253293037414551
7,he_a6d246,0.0,None,4.994160175323486
7,he_a89686,0.0,None,6.491127967834473
7,he_be4458,0.0,None,9.07742977142334
7,he_c18cdc,0.9431796251244665,1,5.970685958862305
7,he_c757a2,0.0,None,6.715127468109131
7,he_c8b284,0.9999517187323699,0,5.9301934242248535
7,he_d238d8,0.0,None,8.476750373840332
7,he_d59f20,0.0,None,4.660562515258789
7,he_db56af,0.9400579799582196,0,7.508566379547119
7,he_ded1dc,0.0,None,7.121176242828369
7,he_e03b1e,0.9997889166943265,0,5.90250301361084
7,he_e86e3d,0.0,None,5.3826494216918945
7,he_f43ca7,0.9964605697601847,0,7.616142749786377
7,he_f7ff62,0.0,None,5.816962718963623
7,he_ff1b1d,0.0,None,6.824191093444824
7,le_022b4e,0.8569657092970738,0,6.6576032638549805
7,le_070f0e,0.04935624997036506,0,6.03388786315918
7,le_07be6e,0.05131995361026374,0,6.380341529846191
7,le_0c55da,0.9563600190133466,0,6.987030506134033
7,le_0c9c18,0.23547465030008147,0,5.95344352722168
7,le_0dcd29,0.9902643208064725,0,7.168611526489258
7,le_151e20,0.2500700122370517,0,5.5695061683654785
7,le_198380,0.18335276226282723,0,5.891459941864014
7,le_2933a3,0.1224043439852104,0,6.061121463775635
7,le_2a7cd2,0.06013079745831808,0,6.240782260894775
7,le_311413,0.035433429823717305,0,5.8522562980651855
7,le_33bf16,0.9972002640026008,0,6.352155685424805
7,le_33e005,0.9631974039496964,0,7.358174800872803
7,le_360ead,0.0643962185639511,0,6.3358941078186035
7,le_37b94b,0.9893377788240794,0,6.232187747955322
7,le_442628,0.8524049349219887,0,6.01479434967041
7,le_507f90,0.30286519480183904,0,7.861386775970459
7,le_65d857,0.7434092098945011,0,6.004913806915283
7,le_6d10f6,0.17693450192096485,0,5.919491767883301
7,le_71904c,0.03000981906551619,0,6.058156490325928
7,le_71edd8,0.24908711156273886,0,6.917726039886475
7,le_72fbb3,0.2128081978316968,0,5.737519264221191
7,le_75c891,0.7785108799022775,0,6.15519905090332
7,le_76153f,0.28264763065122817,0,6.7041707038879395
7,le_7a6251,0.9940604416567382,0,5.75930118560791
7,le_84e58e,0.7826454567867202,0,7.07115364074707
7,le_85c596,0.8962442786423683,0,7.102937698364258
7,le_8d2ffc,0.08326587615425254,0,5.840545177459717
7,le_8fe535,0.155556378602961,0,5.6905598640441895
7,le_92571b,0.09095256072238786,0,6.272494316101074
7,le_9402bd,0.016713099390607156,0,5.690970420837402
7,le_97c283,0.2074273129854745,0,6.29749059677124
7,le_9aab45,0.14965326717747857,0,5.221127033233643
7,le_9c558a,0.9977400564805567,0,4.975244998931885
7,le_a227bb,0.20030063846839938,0,6.9067511558532715
7,le_a4e098,0.09309482712917005,0,7.636046886444092
7,le_a89442,0.9762047097465602,0,6.635424613952637
7,le_abf5a2,0.7886093978665625,0,7.747227191925049
7,le_b87a23,0.9973780395028367,0,6.696995735168457
7,le_bb8015,0.9939254180017562,0,5.833273887634277
7,le_bc457d,0.9921971835032257,0,5.909835338592529
7,le_be53ce,0.22583901370409332,0,5.270399570465088
7,le_be8610,0.8270046081276555,0,6.5682291984558105
7,le_c87b6b,0.19735435000419832,0,5.8095316886901855
7,le_d24c57,0.19943201175893932,0,6.278597831726074
7,le_d5ff11,0.9836958802363287,0,6.309386253356934
7,le_d60773,0.21096807405710005,0,5.528952121734619
7,le_dc8af8,0.7638788038361947,0,6.782279014587402
7,le_e1e50d,0.20207308351246284,0,5.779134750366211
7,le_e5b052,0.9561888777374214,0,7.1314239501953125
7,le_e91edd,0.7379051518149489,0,7.061960220336914
7,le_e9d819,0.9659693523444968,0,6.279869556427002
7,le_eb1f94,0.16123525846555628,0,6.269602298736572
7,le_eb3e1b,0.989736638438981,0,4.674755573272705
7,le_ec7989,0.9911774703674564,0,5.780691623687744
7,le_ef3652,0.9989672677064695,0,6.02478551864624
7,le_f2453f,0.9972271179948237,0,6.555197238922119
7,le_f3f960,0.9996785293840524,0,6.983586311340332
7,le_f66e27,0.11481446695621216,0,7.640821933746338
7,le_fbe329,0.9975550298268238,0,6.365546703338623
8,he_063ea0,0.0,None,4.949282169342041
8,he_083235,0.0,None,5.4624505043029785
8,he_0ac9c9,0.9998304534493346,0,8.207261085510254
8,he_0c7385,0.0,None,4.983826637268066
8,he_0d1e06,0.0,None,6.406004428863525
8,he_0fb2e1,0.0,None,5.9286274909973145
8,he_127303,0.9990478076338809,0,6.854488849639893
8,he_1999d4,0.0,None,7.3289337158203125
8,he_1b4616,0.0,None,7.170485496520996
8,he_1d1126,0.944716200817371,0,6.16888427734375
8,he_2e78b4,0.9999811185340249,0,6.49245023727417
8,he_3585e6,0.0,None,9.560909271240234
8,he_37e47d,0.0,None,6.938863277435303
8,he_3b95b5,0.0,None,6.535468578338623
8,he_3b9ae3,0.0,None,7.986094951629639
8,he_3cc637,0.9498819190668298,0,8.39480972290039
8,he_40ef1d,0.9960328904582851,0,5.711899757385254
8,he_436d20,0.0,None,8.478154182434082
8,he_473b17,0.9999607453121657,0,4.749597549438477
8,he_478c3f,0.9999941690363957,0,7.712973117828369
8,he_49b059,0.0,None,5.695436477661133
8,he_549600,0.9496007023642976,0,6.263286590576172
8,he_6022b5,0.0,None,5.6724629402160645
8,he_6272f6,0.0,None,6.016084671020508
8,he_629ed9,0.9972107800465912,0,7.668395519256592
8,he_672c8b,0.999986864053546,0,6.012662410736084
8,he_6784af,0.9056272835624181,0,5.580262184143066
8,he_6ae357,0.963513772548087,0,5.750710487365723
8,he_6ddbe6,0.0,None,5.5316877365112305
8,he_722f29,0.9810538688936615,0,5.770378112792969
8,he_754741,0.9996952449034581,0,6.03274393081665
8,he_76013b,0.9993970776762897,0,5.585350513458252
8,he_77380b,0.0,None,6.696353435516357
8,he_792cb3,0.9911365041680252,0,5.557155609130859
8,he_7a7fe1,0.0,None,6.659154891967773
8,he_840d1e,0.9986397667515156,0,7.512316703796387
8,he_8596ed,0.9229498659962031,0,5.773658275604248
8,he_8782a7,0.9995441854764786,0,6.8129658699035645
8,he_88c16a,0.9999532303221242,0,6.976134777069092
8,he_8fc0f2,0.0,None,6.757203578948975
8,he_998860,0.0,None,5.730930805206299
8,he_9f72ce,0.9969080424237012,0,7.271461009979248
8,he_a04312,0.873627146530165,1,6.515183448791504
8,he_a08f32,0.7973879234744086,1,6.055015563964844
8,he_a38c19,0.8003769009110867,1,5.253293037414551
8,he_a6d246,0.0,None,4.994160175323486
8,he_a89686,0.0,None,6.491127967834473
8,he_be4458,0.0,None,9.07742977142334
8,he_c18cdc,0.9483136808350097,1,5.970685958862305
8,he_c757a2,0.0,None,6.715127468109131
8,he_c8b284,0.9999575547925168,0,5.9301934242248535
8,he_d238d8,0.0,None,8.476750373840332
8,he_d59f20,0.0,None,4.660562515258789
8,he_db56af,0.9517793914942301,0,7.508566379547119
8,he_ded1dc,0.0,None,7.121176242828369
8,he_e03b1e,0.9998055486041207,0,5.90250301361084
8,he_e86e3d,0.0,None,5.3826494216918945
8,he_f43ca7,0.9971044718693106,0,7.616142749786377
8,he_f7ff62,0.0,None,5.816962718963623
8,he_ff1b1d,0.0,None,6.824191093444824
8,le_022b4e,0.8589378918759955,0,6.6576032638549805
8,le_070f0e,0.036730499020861423,0,6.03388786315918
8,le_07be6e,0.04327439253973642,0,6.380341529846191
8,le_0c55da,0.9671331702878584,0,6.987030506134033
8,le_0c9c18,0.2233432404698142,0,5.95344352722168
8,le_0dcd29,0.9905827581465814,0,7.168611526489258
8,le_151e20,0.2526859998898982,0,5.5695061683654785
8,le_198380,0.17542433453791886,0,5.891459941864014
8,le_2933a3,0.1240357536523413,0,6.061121463775635
8,le_2a7cd2,0.05622588367900076,0,6.240782260894775
8,le_311413,0.028120590192951708,0,5.8522562980651855
8,le_33bf16,0.9970348140278383,0,6.352155685424805
8,le_33e005,0.9630911784888432,0,7.358174800872803
8,le_360ead,0.050023356831653126,0,6.3358941078186035
8,le_37b94b,0.9897924418288817,0,6.232187747955322
8,le_442628,0.8568220923552977,0,6.01479434967041
8,le_507f90,0.2990253918306486,0,7.861386775970459
8,le_65d857,0.7496446698250336,0,6.004913806915283
8,le_6d10f6,0.17758698715667395,0,5.919491767883301
8,le_71904c,0.023723334546778302,0,6.058156490325928
8,le_71edd8,0.24423555971615554,0,6.917726039886475
8,le_72fbb3,0.21123844271116854,0,5.737519264221191
8,le_75c891,0.7837499151714373,0,6.15519905090332
8,le_76153f,0.2594084567448798,0,6.7041707038879395
8,le_7a6251,0.9945936532730025,0,5.75930118560791
8,le_84e58e,0.7934373803886958,0,7.07115364074707
8,le_85c596,0.9099345106787488,0,7.102937698364258
8,le_8d2ffc,0.0796562129062055,0,5.840545177459717
8,le_8fe535,0.14547071473036338,0,5.6905598640441895
8,le_92571b,0.08184996108518733,0,6.272494316101074
8,le_9402bd,0.009464399576701135,0,5.690970420837402
8,le_97c283,0.2007462825007884,0,6.29749059677124
8,le_9aab45,0.1424154004517285,0,5.221127033233643
8,le_9c558a,0.9976469954493645,0,4.975244998931885
8,le_a227bb,0.20207853812352744,0,6.9067511558532715
8,le_a4e098,0.0904067334788273,0,7.636046886444092
8,le_a89442,0.9763064376298822,0,6.635424613952637
8,le_abf5a2,0.8247454793968627,0,7.747227191925049
8,le_b87a23,0.997361527951045,0,6.696995735168457
8,le_bb8015,0.9940236740668597,0,5.833273887634277
8,le_bc457d,0.9930934370492462,0,5.909835338592529
8,le_be53ce,0.22476634714967544,0,5.270399570465088
8,le_be8610,0.835354067185376,0,6.5682291984558105
8,le_c87b6b,0.1875507398507371,0,5.8095316886901855
8,le_d24c57,0.19232274138702807,0,6.278597831726074
8,le_d5ff11,0.9840303611856247,0,6.309386253356934
8,le_d60773,0.2144681011807363,0,5.528952121734619
8,le_dc8af8,0.7740205624928376,0,6.782279014587402
8,le_e1e50d,0.19778024648086046,0,5.779134750366211
8,le_e5b052,0.9581819833668546,0,7.1314239501953125
8,le_e91edd,0.7491154965251866,0,7.061960220336914
8,le_e9d819,0.9696726312033683,0,6.279869556427002
8,le_eb1f94,0.15986686957235338,0,6.269602298736572
8,le_eb3e1b,0.9893269187540731,0,4.674755573272705
8,le_ec7989,0.9910490508724787,0,5.780691623687744
8,le_ef3652,0.9989997174540326,0,6.02478551864624
8,le_f2453f,0.9972370029299507,0,6.555197238922119
8,le_f3f960,0.9997305683651438,0,6.983586311340332
8,le_f66e27,0.11311526204656588,0,7.640821933746338
8,le_fbe329,0.9973756916705201,0,6.365546703338623
9,he_063ea0,0.0,None,4.949282169342041
9,he_083235,0.0,None,5.4624505043029785
9,he_0ac9c9,0.9998538475179711,0,8.207261085510254
9,he_0c7385,0.0,None,4.983826637268066
9,he_0d1e06,0.0,None,6.406004428863525
9,he_0fb2e1,0.0,None,5.9286274909973145
9,he_127303,0.9990672195148855,0,6.854488849639893
9,he_1999d4,0.0,None,7.3289337158203125
9,he_1b4616,0.0,None,7.170485496520996
9,he_1d1126,0.9453069974093088,0,6.16888427734375
9,he_2e78b4,0.9999812102840774,0,6.49245023727417
9,he_3585e6,0.0,None,9.560909271240234
9,he_37e47d,0.0,None,6.938863277435303
9,he_3b95b5,0.0,None,6.535468578338623
9,he_3b9ae3,0.0,None,7.986094951629639
9,he_3cc637,0.95201155715882,0,8.39480972290039
9,he_40ef1d,0.9964131438124201,0,5.711899757385254
9,he_436d20,0.0,None,8.478154182434082
9,he_473b17,0.999961246847357,0,4.749597549438477
9,he_478c3f,0.9999942396741817,0,7.712973117828369
9,he_49b059,0.0,None,5.695436477661133
9,he_549600,0.94362529371764,0,6.263286590576172
9,he_6022b5,0.0,None,5.6724629402160645
9,he_6272f6,0.0,None,6.016084671020508
9,he_629ed9,0.9975836848158735,0,7.668395519256592
9,he_672c8b,0.9999867698105068,0,6.012662410736084
9,he_6784af,0.9150351569703224,0,5.580262184143066
9,he_6ae357,0.965264517814674,0,5.750710487365723
9,he_6ddbe6,0.0,None,5.5316877365112305
9,he_722f29,0.9808716179421156,0,5.770378112792969
9,he_754741,0.9996863303686672,0,6.03274393081665
9,he_76013b,0.9994377810053241,0,5.585350513458252
9,he_77380b,0.0,None,6.696353435516357
9,he_792cb3,0.9912472381201627,0,5.557155609130859
9,he_7a7fe1,0.0,None,6.659154891967773
9,he_840d1e,0.9990178114925479,0,7.512316703796387
9,he_8596ed,0.9327061206010222,0,5.773658275604248
9,he_8782a7,0.9995300552888232,0,6.8129658699035645
9,he_88c16a,0.9999550117083048,0,6.976134777069092
9,he_8fc0f2,0.0,None,6.757203578948975
9,he_998860,0.0,None,5.730930805206299
9,he_9f72ce,0.9965978354811504,0,7.271461009979248
9,he_a04312,0.8734880058521605,1,6.515183448791504
9,he_a08f32,0.7930271781518895,1,6.055015563964844
9,he_a38c19,0.80942783731329,1,5.253293037414551
9,he_a6d246,0.0,None,4.994160175323486
9,he_a89686,0.0,None,6.491127967834473
9,he_be4458,0.0,None,9.07742977142334
9,he_c18cdc,0.9538803895974871,1,5.970685958862305
9,he_c757a2,0.0,None,6.715127468109131
9,he_c8b284,0.9999606028849858,0,5.9301934242248535
9,he_d238d8,0.0,None,8.476750373840332
9,he_d59f20,0.0,None,4.660562515258789
9,he_db56af,0.9550713907855058,0,7.508566379547119
9,he_ded1dc,0.0,None,7.121176242828369
9,he_e03b1e,0.9997981590307005,0,5.90250301361084
9,he_e86e3d,0.0,None,5.3826494216918945
9,he_f43ca7,0.9968075234713151,0,7.616142749786377
9,he_f7ff62,0.0,None,5.816962718963623
9,he_ff1b1d,0.0,None,6.824191093444824
9,le_022b4e,0.8666007771376119,0,6.6576032638549805
9,le_070f0e,0.03152407384870215,0,6.03388786315918
9,le_07be6e,0.029106435566979106,0,6.380341529846191
9,le_0c55da,0.9717861447232333,0,6.987030506134033
9,le_0c9c18,0.21896568405856626,0,5.95344352722168
9,le_0dcd29,0.9909229871994646,0,7.168611526489258
9,le_151e20,0.24594633214216213,0,5.5695061683654785
9,le_198380,0.1713712518373713,0,5.891459941864014
9,le_2933a3,0.11151432846884214,0,6.061121463775635
9,le_2a7cd2,0.0512958221082439,0,6.240782260894775
9,le_311413,0.01603469905779898,0,5.8522562980651855
9,le_33bf16,0.9972642099287382,0,6.352155685424805
9,le_33e005,0.964394519166383,0,7.358174800872803
9,le_360ead,0.03659974503536564,0,6.3358941078186035
9,le_37b94b,0.9900612852763365,0,6.232187747955322
9,le_442628,0.8679315987600383,0,6.01479434967041
9,le_507f90,0.29900652793800125,0,7.861386775970459
9,le_65d857,0.7548897553341612,0,6.004913806915283
9,le_6d10f6,0.16813223443005093,0,5.919491767883301
9,le_71904c,0.010448981198162123,0,6.058156490325928
9,le_71edd8,0.24216704671086856,0,6.917726039886475
9,le_72fbb3,0.18633270863373627,0,5.737519264221191
9,le_75c891,0.7938827450801758,0,6.15519905090332
9,le_76153f,0.25421203136774595,0,6.7041707038879395
9,le_7a6251,0.9947467874269444,0,5.75930118560791
9,le_84e58e,0.8094883239136832,0,7.07115364074707
9,le_85c596,0.914636454631262,0,7.102937698364258
9,le_8d2ffc,0.07371826665298337,0,5.840545177459717
9,le_8fe535,0.13272365631249755,0,5.6905598640441895
9,le_92571b,0.07842980593375252,0,6.272494316101074
9,le_9402bd,0.0,0,5.690970420837402
9,le_97c283,0.19438993336384794,0,6.29749059677124
9,le_9aab45,0.1418828645735964,0,5.221127033233643
9,le_9c558a,0.9976085489772107,0,4.975244998931885
9,le_a227bb,0.19667794009143702,0,6.9067511558532715
9,le_a4e098,0.08810811273245435,0,7.636046886444092
9,le_a89442,0.9777231296100591,0,6.635424613952637
9,le_abf5a2,0.8339671792767122,0,7.747227191925049
9,le_b87a23,0.9974278289266215,0,6.696995735168457
9,le_bb8015,0.9946393150034308,0,5.833273887634277
9,le_bc457d,0.9932895175887214,0,5.909835338592529
9,le_be53ce,0.22014979151491443,0,5.270399570465088
9,le_be8610,0.8399675307586623,0,6.5682291984558105
9,le_c87b6b,0.1877378786390184,0,5.8095316886901855
9,le_d24c57,0.18771218486214278,0,6.278597831726074
9,le_d5ff11,0.9851240226910409,0,6.309386253356934
9,le_d60773,0.20781086554757447,0,5.528952121734619
9,le_dc8af8,0.7758472264503669,0,6.782279014587402
9,le_e1e50d,0.19170849105144638,0,5.779134750366211
9,le_e5b052,0.9593617358087362,0,7.1314239501953125
9,le_e91edd,0.7585058721118508,0,7.061960220336914
9,le_e9d819,0.9706412481555396,0,6.279869556427002
9,le_eb1f94,0.14973864700015796,0,6.269602298736572
9,le_eb3e1b,0.990467999372531,0,4.674755573272705
9,le_ec7989,0.992361692550616,0,5.780691623687744
9,le_ef3652,0.9989819252360883,0,6.02478551864624
9,le_f2453f,0.9972045120449589,0,6.555197238922119
9,le_f3f960,0.9997669399562789,0,6.983586311340332
9,le_f66e27,0.10060362712973973,0,7.640821933746338
9,le_fbe329,0.9974440663835903,0,6.365546703338623
