epoch,canary_id,global_loss,suffix_loss,split
0,le_073aa1,8.092244148254395,6.620361804962158,validation
0,he_3c82e8,5.556319236755371,6.6527791023254395,train
0,he_b6c479,5.2458600997924805,6.210630416870117,train
0,le_30e20c,5.783973693847656,5.278528690338135,validation
0,he_fa06a9,5.53395938873291,6.764457702636719,train
0,he_cea795,5.970765590667725,7.417781352996826,validation
0,he_08e37a,6.848904132843018,8.91577434539795,validation
0,le_0a5d4e,5.665982246398926,5.051438331604004,train
0,le_3958a2,5.287178039550781,4.796169281005859,validation
0,he_0d9729,8.323559761047363,11.126866340637207,validation
0,he_ba5ede,6.044079303741455,7.9237189292907715,validation
0,le_dfd865,8.489954948425293,7.966089725494385,validation
0,he_5655ff,5.465900897979736,6.468748092651367,train
0,le_7ebcc8,6.403963565826416,5.652795314788818,train
0,he_f4a966,6.1148762702941895,7.62846565246582,validation
0,le_e5ac33,6.387143135070801,5.15765905380249,validation
0,he_72e7fe,5.678662300109863,6.4960408210754395,train
0,le_b76165,5.34006404876709,4.180208206176758,train
0,he_427324,5.1941704750061035,6.1521759033203125,validation
0,le_db96c1,6.314241886138916,6.068217754364014,validation
0,le_52f6c1,6.801041126251221,4.5682854652404785,train
0,he_975d5e,4.858442783355713,5.313713073730469,validation
0,he_d48ae7,4.859060764312744,5.497700214385986,train
0,le_ea9d6d,5.547330379486084,4.921572685241699,train
0,le_53a988,7.355262279510498,6.636761665344238,train
0,he_eb2012,5.948019981384277,7.372039318084717,validation
0,le_c38bd0,6.166896343231201,5.0286359786987305,validation
0,le_5e5ef6,5.2726216316223145,3.76332950592041,train
0,he_576ce7,6.803662300109863,9.08845329284668,validation
0,le_ddc92b,6.193387031555176,6.176385879516602,train
0,le_8fa52e,8.412365913391113,7.779728889465332,train
0,le_3311e0,6.3954548835754395,6.651314735412598,validation
0,he_efff46,6.452125549316406,8.52172565460205,validation
0,he_9bfb55,7.384738445281982,9.705879211425781,validation
0,he_b88cd5,5.542302131652832,6.4789910316467285,train
0,le_6b47df,6.744178295135498,5.884607315063477,validation
0,le_41d9a8,7.29113245010376,6.421523094177246,validation
0,le_abd17d,7.014545440673828,5.799179553985596,validation
0,he_d7ab7a,5.8859710693359375,7.026430130004883,validation
0,he_37c841,5.505693435668945,6.98938512802124,train
0,le_8be674,5.605513572692871,4.450615882873535,train
0,he_462116,6.388338565826416,7.517582416534424,validation
0,he_9c8776,5.824990272521973,7.422158241271973,train
0,he_85dce2,5.198886394500732,6.101816654205322,train
0,he_b62c7a,6.432237148284912,8.36909294128418,validation
0,le_9b9507,6.213426113128662,4.8443756103515625,train
0,le_9b5ef6,6.442266941070557,5.539309978485107,validation
0,he_615aad,4.793795108795166,5.377238750457764,train
0,he_3e980e,6.005435943603516,7.747238636016846,train
0,he_6eadd8,5.1657609939575195,6.111655235290527,validation
0,le_6571ef,6.264558792114258,4.82608699798584,validation
0,le_587750,6.372804641723633,5.628607749938965,train
0,le_b4c6a4,5.8381547927856445,5.091500282287598,train
0,he_79c1cf,4.047913074493408,4.084832191467285,train
0,le_979e21,7.335362911224365,6.939718246459961,validation
0,le_cdc6f7,7.269218444824219,5.402336120605469,train
0,he_9cb669,6.109141826629639,7.81310510635376,train
0,le_4ce813,6.787749767303467,6.194184303283691,train
0,le_7e7fc0,7.592239856719971,7.184361457824707,validation
0,he_e212a9,5.039462089538574,4.860301971435547,train
1,le_073aa1,7.650263786315918,6.770862579345703,validation
1,he_3c82e8,5.46750020980835,5.5392842292785645,train
1,he_b6c479,5.854825973510742,6.151540756225586,train
1,le_30e20c,4.970553874969482,4.4649200439453125,validation
1,he_fa06a9,6.5971574783325195,7.3708271980285645,train
1,he_cea795,6.681049346923828,7.912842750549316,validation
1,he_08e37a,8.575417518615723,10.638594627380371,validation
1,le_0a5d4e,6.652099609375,6.220305442810059,train
1,le_3958a2,5.867626667022705,5.882034778594971,validation
1,he_0d9729,10.319377899169922,13.696208000183105,validation
1,he_ba5ede,7.5903801918029785,9.620012283325195,validation
1,le_dfd865,7.777502536773682,7.703602313995361,validation
1,he_5655ff,6.030200481414795,6.617620944976807,train
1,le_7ebcc8,6.999934673309326,6.328523635864258,train
1,he_f4a966,7.424751281738281,8.882200241088867,validation
1,le_e5ac33,6.7050933837890625,5.581674575805664,validation
1,he_72e7fe,6.694916725158691,7.291711330413818,train
1,le_b76165,6.445596218109131,4.87891149520874,train
1,he_427324,6.686477184295654,7.884633541107178,validation
1,le_db96c1,5.826235771179199,5.387178421020508,validation
1,le_52f6c1,6.87169075012207,5.5014190673828125,train
1,he_975d5e,5.644482612609863,5.838483810424805,validation
1,he_d48ae7,6.015806198120117,6.695138454437256,train
1,le_ea9d6d,7.411526203155518,7.155006408691406,train
1,le_53a988,7.26542854309082,6.6794023513793945,train
1,he_eb2012,7.032833576202393,8.674866676330566,validation
1,le_c38bd0,6.25775146484375,5.06931209564209,validation
1,le_5e5ef6,5.60563325881958,4.460848331451416,train
1,he_576ce7,8.666393280029297,11.66108226776123,validation
1,le_ddc92b,5.980466365814209,5.9562225341796875,train
1,le_8fa52e,7.899560928344727,6.780759334564209,train
1,le_3311e0,7.4007086753845215,6.700089454650879,validation
1,he_efff46,7.606476306915283,9.499220848083496,validation
1,he_9bfb55,8.230698585510254,9.770488739013672,validation
1,he_b88cd5,6.836994647979736,7.978432655334473,train
1,le_6b47df,6.105350971221924,5.498661518096924,validation
1,le_41d9a8,7.896963119506836,7.344723701477051,validation
1,le_abd17d,7.518019199371338,6.5406813621521,validation
1,he_d7ab7a,6.612011909484863,7.507486343383789,validation
1,he_37c841,7.165035724639893,8.976815223693848,train
1,le_8be674,5.863664150238037,5.4393792152404785,train
1,he_462116,7.307160377502441,8.804078102111816,validation
1,he_9c8776,6.951940536499023,8.497258186340332,train
1,he_85dce2,5.910346984863281,6.358193397521973,train
1,he_b62c7a,7.5840935707092285,9.531455039978027,validation
1,le_9b9507,7.675363540649414,7.423809051513672,train
1,le_9b5ef6,6.8605451583862305,5.528564453125,validation
1,he_615aad,5.697159767150879,6.001551628112793,train
1,he_3e980e,6.192165374755859,6.854430198669434,train
1,he_6eadd8,6.033324241638184,6.858227252960205,validation
1,le_6571ef,6.4693427085876465,5.3260722160339355,validation
1,le_587750,6.050041198730469,5.336892604827881,train
1,le_b4c6a4,4.973517417907715,4.651183605194092,train
1,he_79c1cf,6.629867076873779,7.818490982055664,train
1,le_979e21,7.675296783447266,6.792463302612305,validation
1,le_cdc6f7,6.507482528686523,5.5514349937438965,train
1,he_9cb669,7.484252452850342,9.727537155151367,train
1,le_4ce813,6.776361465454102,5.922713279724121,train
1,le_7e7fc0,7.866573333740234,6.598442077636719,validation
1,he_e212a9,6.434243679046631,5.988182067871094,train
2,le_073aa1,7.776230812072754,6.671967506408691,validation
2,he_3c82e8,4.699624538421631,5.587946891784668,train
2,he_b6c479,4.542768478393555,5.470163345336914,train
2,le_30e20c,5.488386154174805,4.779667854309082,validation
2,he_fa06a9,4.865807056427002,6.332682132720947,train
2,he_cea795,5.621100902557373,7.429643630981445,validation
2,he_08e37a,7.0429816246032715,9.789608001708984,validation
2,le_0a5d4e,4.968425273895264,4.680391311645508,train
2,le_3958a2,5.911190509796143,5.480285167694092,validation
2,he_0d9729,8.84765911102295,13.029202461242676,validation
2,he_ba5ede,6.246230125427246,8.779955863952637,validation
2,le_dfd865,8.132013320922852,8.205535888671875,validation
2,he_5655ff,4.989343643188477,6.488638401031494,train
2,le_7ebcc8,5.785594940185547,5.156874656677246,train
2,he_f4a966,6.255433082580566,8.41604232788086,validation
2,le_e5ac33,6.7590789794921875,5.017676830291748,validation
2,he_72e7fe,5.48637056350708,6.803118705749512,train
2,le_b76165,5.177685737609863,4.2723822593688965,train
2,he_427324,5.052003383636475,6.3629150390625,validation
2,le_db96c1,6.288451194763184,6.39413595199585,validation
2,le_52f6c1,6.334463119506836,4.823671340942383,train
2,he_975d5e,5.162468433380127,6.315035343170166,validation
2,he_d48ae7,4.748101711273193,5.6842732429504395,train
2,le_ea9d6d,5.698784351348877,4.954125881195068,train
2,le_53a988,6.424575328826904,5.302676677703857,train
2,he_eb2012,5.737540245056152,7.719862461090088,validation
2,le_c38bd0,6.115474224090576,5.0442304611206055,validation
2,le_5e5ef6,5.59013032913208,4.431028366088867,train
2,he_576ce7,7.089665412902832,10.503631591796875,validation
2,le_ddc92b,6.218944072723389,6.268026828765869,train
2,le_8fa52e,7.879301071166992,7.014559745788574,train
2,le_3311e0,6.145786762237549,6.336865425109863,validation
2,he_efff46,7.3676533699035645,10.45190143585205,validation
2,he_9bfb55,6.677992343902588,9.06177043914795,validation
2,he_b88cd5,4.724728107452393,5.869898796081543,train
2,le_6b47df,6.531100273132324,5.715460300445557,validation
2,le_41d9a8,7.069637775421143,6.706639289855957,validation
2,le_abd17d,7.25909948348999,6.25293493270874,validation
2,he_d7ab7a,5.606061935424805,7.16562557220459,validation
2,he_37c841,5.427081108093262,7.324911594390869,train
2,le_8be674,5.814502716064453,4.573398113250732,train
2,he_462116,6.17291784286499,8.476102828979492,validation
2,he_9c8776,6.21335506439209,9.19017219543457,train
2,he_85dce2,4.51058292388916,5.50795841217041,train
2,he_b62c7a,6.74551248550415,9.799692153930664,validation
2,le_9b9507,7.274292945861816,5.508441925048828,train
2,le_9b5ef6,6.437781810760498,5.048237323760986,validation
2,he_615aad,4.194928169250488,4.928413391113281,train
2,he_3e980e,4.884184837341309,6.3199944496154785,train
2,he_6eadd8,5.158644199371338,6.679625988006592,validation
2,le_6571ef,6.580741882324219,4.936333656311035,validation
2,le_587750,5.064232349395752,3.9976539611816406,train
2,le_b4c6a4,5.273373126983643,4.682318210601807,train
2,he_79c1cf,4.753025531768799,5.944676399230957,train
2,le_979e21,7.361426830291748,6.627170085906982,validation
2,le_cdc6f7,6.277600288391113,5.4572906494140625,train
2,he_9cb669,4.928377151489258,6.620495796203613,train
2,le_4ce813,6.070882320404053,4.91171932220459,train
2,le_7e7fc0,7.9986572265625,6.948195457458496,validation
2,he_e212a9,5.068385601043701,5.637696743011475,train
3,le_073aa1,6.952155113220215,6.545356750488281,validation
3,he_3c82e8,4.353644847869873,5.440739154815674,train
3,he_b6c479,3.8373286724090576,4.546331405639648,train
3,le_30e20c,5.117960453033447,4.366225242614746,validation
3,he_fa06a9,4.453812599182129,5.602085113525391,train
3,he_cea795,5.387303829193115,7.36864709854126,validation
3,he_08e37a,6.5704193115234375,9.515725135803223,validation
3,le_0a5d4e,4.762524127960205,4.651996612548828,train
3,le_3958a2,5.856839179992676,5.279109001159668,validation
3,he_0d9729,8.19577693939209,12.009142875671387,validation
3,he_ba5ede,5.97853422164917,8.503852844238281,validation
3,le_dfd865,7.895124912261963,7.22797155380249,validation
3,he_5655ff,4.227754592895508,5.3680419921875,train
3,le_7ebcc8,4.25142765045166,3.813356637954712,train
3,he_f4a966,6.037317276000977,8.41415786743164,validation
3,le_e5ac33,6.430995464324951,4.6931071281433105,validation
3,he_72e7fe,4.332194805145264,5.136905670166016,train
3,le_b76165,5.061190128326416,3.9809436798095703,train
3,he_427324,5.439306735992432,7.194613933563232,validation
3,le_db96c1,6.006229877471924,5.834915637969971,validation
3,le_52f6c1,6.315799713134766,4.614372730255127,train
3,he_975d5e,4.919229030609131,6.0456037521362305,validation
3,he_d48ae7,4.014285087585449,4.836260795593262,train
3,le_ea9d6d,5.519836902618408,4.9793877601623535,train
3,le_53a988,5.752904891967773,4.782773494720459,train
3,he_eb2012,6.554309844970703,9.501191139221191,validation
3,le_c38bd0,6.665585517883301,5.804816722869873,validation
3,le_5e5ef6,5.36909294128418,4.474233627319336,train
3,he_576ce7,6.250790596008301,9.255173683166504,validation
3,le_ddc92b,5.605111122131348,5.163421154022217,train
3,le_8fa52e,7.273923873901367,6.182167053222656,train
3,le_3311e0,6.72976541519165,6.749866485595703,validation
3,he_efff46,7.021800994873047,10.034293174743652,validation
3,he_9bfb55,6.0239949226379395,8.243226051330566,validation
3,he_b88cd5,4.079286575317383,5.056107521057129,train
3,le_6b47df,6.953046798706055,6.279265403747559,validation
3,le_41d9a8,7.2595696449279785,6.532618045806885,validation
3,le_abd17d,7.828822135925293,7.085169315338135,validation
3,he_d7ab7a,5.083899974822998,6.551515102386475,validation
3,he_37c841,4.670825004577637,6.207791328430176,train
3,le_8be674,4.164462566375732,3.320122241973877,train
3,he_462116,5.359701633453369,7.354463577270508,validation
3,he_9c8776,4.369634628295898,5.957328796386719,train
3,he_85dce2,4.260554313659668,5.452885627746582,train
3,he_b62c7a,5.908759117126465,8.35174560546875,validation
3,le_9b9507,6.412815570831299,5.531754016876221,train
3,le_9b5ef6,6.656559467315674,5.122711181640625,validation
3,he_615aad,3.8382186889648438,4.767507553100586,train
3,he_3e980e,4.732437610626221,6.245366096496582,train
3,he_6eadd8,5.091310024261475,6.865481853485107,validation
3,le_6571ef,6.509408950805664,4.930701732635498,validation
3,le_587750,5.161343097686768,4.0494184494018555,train
3,le_b4c6a4,5.559538841247559,4.946023941040039,train
3,he_79c1cf,4.031322956085205,5.055436134338379,train
3,le_979e21,7.5330634117126465,7.297213077545166,validation
3,le_cdc6f7,6.26891565322876,5.589412689208984,train
3,he_9cb669,4.403412342071533,6.062025547027588,train
3,le_4ce813,6.717710971832275,5.352399826049805,train
3,le_7e7fc0,8.286237716674805,6.6480817794799805,validation
3,he_e212a9,4.154343128204346,4.765244483947754,train
4,le_073aa1,8.6383056640625,6.859747886657715,validation
4,he_3c82e8,3.990255832672119,4.6707634925842285,train
4,he_b6c479,3.3209481239318848,3.7919795513153076,train
4,le_30e20c,5.56256103515625,4.823439598083496,validation
4,he_fa06a9,3.5152740478515625,4.220382213592529,train
4,he_cea795,5.520137786865234,7.487434387207031,validation
4,he_08e37a,7.129405975341797,10.357158660888672,validation
4,le_0a5d4e,3.729856252670288,3.2806873321533203,train
4,le_3958a2,5.780510425567627,5.478199481964111,validation
4,he_0d9729,9.351101875305176,13.574542045593262,validation
4,he_ba5ede,5.8010478019714355,8.173632621765137,validation
4,le_dfd865,7.711711406707764,7.54535436630249,validation
4,he_5655ff,3.4821577072143555,4.197854995727539,train
4,le_7ebcc8,5.128614902496338,4.588220596313477,train
4,he_f4a966,6.290133476257324,8.793831825256348,validation
4,le_e5ac33,6.084211349487305,4.662888526916504,validation
4,he_72e7fe,4.071206092834473,4.497991561889648,train
4,le_b76165,4.8631672859191895,3.758734703063965,train
4,he_427324,5.443510055541992,7.18218469619751,validation
4,le_db96c1,6.282639503479004,5.799386978149414,validation
4,le_52f6c1,5.56735372543335,4.153804302215576,train
4,he_975d5e,4.79931116104126,5.797543048858643,validation
4,he_d48ae7,3.140328884124756,3.3633668422698975,train
4,le_ea9d6d,5.281472682952881,4.630502223968506,train
4,le_53a988,5.617502689361572,4.577293395996094,train
4,he_eb2012,6.194997310638428,8.69953727722168,validation
4,le_c38bd0,6.227643966674805,5.637779235839844,validation
4,le_5e5ef6,5.080840110778809,4.280141830444336,train
4,he_576ce7,6.412333011627197,9.467283248901367,validation
4,le_ddc92b,4.551027297973633,4.503101825714111,train
4,le_8fa52e,7.335564613342285,6.35213565826416,train
4,le_3311e0,6.250270843505859,5.8707733154296875,validation
4,he_efff46,6.634760856628418,9.434770584106445,validation
4,he_9bfb55,6.150196552276611,8.524035453796387,validation
4,he_b88cd5,3.7012875080108643,4.501344680786133,train
4,le_6b47df,7.112051486968994,6.504671096801758,validation
4,le_41d9a8,8.301618576049805,7.359959602355957,validation
4,le_abd17d,7.640712738037109,7.190122127532959,validation
4,he_d7ab7a,5.3926777839660645,7.02900505065918,validation
4,he_37c841,4.206639289855957,5.283782005310059,train
4,le_8be674,4.09567928314209,2.855318546295166,train
4,he_462116,5.84523868560791,8.04456901550293,validation
4,he_9c8776,3.2228682041168213,3.920801877975464,train
4,he_85dce2,3.5310444831848145,4.195349216461182,train
4,he_b62c7a,6.177701473236084,8.879692077636719,validation
4,le_9b9507,5.469204425811768,4.3893585205078125,train
4,le_9b5ef6,6.279309272766113,4.955593585968018,validation
4,he_615aad,3.0853614807128906,3.4084219932556152,train
4,he_3e980e,3.890645742416382,4.789700508117676,train
4,he_6eadd8,5.188336372375488,6.996403217315674,validation
4,le_6571ef,6.160964488983154,4.757147312164307,validation
4,le_587750,4.975146770477295,3.8406243324279785,train
4,le_b4c6a4,5.143925666809082,4.528404712677002,train
4,he_79c1cf,3.0764212608337402,3.505570650100708,train
4,le_979e21,7.48645544052124,7.026966094970703,validation
4,le_cdc6f7,6.349905490875244,5.601280212402344,train
4,he_9cb669,4.446441173553467,6.0397491455078125,train
4,le_4ce813,5.989654541015625,5.174821376800537,train
4,le_7e7fc0,8.677258491516113,6.909257411956787,validation
4,he_e212a9,3.585561752319336,3.8193304538726807,train
5,le_073aa1,7.887881278991699,6.960421085357666,validation
5,he_3c82e8,2.7178006172180176,2.881045341491699,train
5,he_b6c479,2.954974889755249,3.2576117515563965,train
5,le_30e20c,5.661552429199219,5.097356796264648,validation
5,he_fa06a9,3.2282116413116455,3.7606685161590576,train
5,he_cea795,6.513393402099609,9.35671615600586,validation
5,he_08e37a,7.377270221710205,11.156195640563965,validation
5,le_0a5d4e,3.331317901611328,3.1118550300598145,train
5,le_3958a2,5.871501445770264,5.845120429992676,validation
5,he_0d9729,9.440817832946777,14.297612190246582,validation
5,he_ba5ede,6.110443592071533,8.849581718444824,validation
5,le_dfd865,7.7966461181640625,7.880774974822998,validation
5,he_5655ff,2.7739319801330566,3.2918145656585693,train
5,le_7ebcc8,4.407815456390381,3.717168092727661,train
5,he_f4a966,6.823460578918457,9.887735366821289,validation
5,le_e5ac33,6.1654863357543945,4.7730207443237305,validation
5,he_72e7fe,3.2802584171295166,3.4094107151031494,train
5,le_b76165,4.592998027801514,3.883875846862793,train
5,he_427324,5.656704425811768,7.697746276855469,validation
5,le_db96c1,6.95826530456543,6.963328838348389,validation
5,le_52f6c1,5.080893039703369,3.7300422191619873,train
5,he_975d5e,4.914885997772217,6.163679122924805,validation
5,he_d48ae7,3.356196880340576,3.980314016342163,train
5,le_ea9d6d,4.908579349517822,3.807582139968872,train
5,le_53a988,5.618504047393799,4.348994255065918,train
5,he_eb2012,6.397144317626953,9.579564094543457,validation
5,le_c38bd0,6.845517158508301,5.63210391998291,validation
5,le_5e5ef6,4.5260491371154785,3.546628952026367,train
5,he_576ce7,5.755270004272461,8.493824005126953,validation
5,le_ddc92b,4.206043720245361,4.416988849639893,train
5,le_8fa52e,6.722532272338867,5.497169494628906,train
5,le_3311e0,6.679377555847168,6.36088752746582,validation
5,he_efff46,6.86444091796875,9.935922622680664,validation
5,he_9bfb55,6.254291534423828,9.353302001953125,validation
5,he_b88cd5,3.1205804347991943,3.8898463249206543,train
5,le_6b47df,6.4216156005859375,5.672231197357178,validation
5,le_41d9a8,7.742558479309082,7.081907749176025,validation
5,le_abd17d,8.10258674621582,7.709238529205322,validation
5,he_d7ab7a,5.134305000305176,6.950547695159912,validation
5,he_37c841,3.182291269302368,3.5298707485198975,train
5,le_8be674,3.866774320602417,2.7376136779785156,train
5,he_462116,5.557544231414795,7.906361103057861,validation
5,he_9c8776,2.594661235809326,3.106849193572998,train
5,he_85dce2,3.20938777923584,3.8642807006835938,train
5,he_b62c7a,6.077374458312988,8.98623275756836,validation
5,le_9b9507,5.2729997634887695,4.067055702209473,train
5,le_9b5ef6,7.518106460571289,5.920046329498291,validation
5,he_615aad,2.5811569690704346,2.952392101287842,train
5,he_3e980e,3.220930576324463,3.9239532947540283,train
5,he_6eadd8,4.818054676055908,6.64621639251709,validation
5,le_6571ef,6.390977382659912,4.841141223907471,validation
5,le_587750,5.374700546264648,4.421432971954346,train
5,le_b4c6a4,5.067503929138184,4.335077285766602,train
5,he_79c1cf,2.4773216247558594,2.6793627738952637,train
5,le_979e21,7.110473155975342,6.934828281402588,validation
5,le_cdc6f7,5.946390151977539,5.197201251983643,train
5,he_9cb669,2.9067654609680176,3.5696816444396973,train
5,le_4ce813,5.745020389556885,4.563600540161133,train
5,le_7e7fc0,9.16392993927002,7.23622465133667,validation
5,he_e212a9,3.4041221141815186,3.780045986175537,train
6,le_073aa1,8.354021072387695,6.647244930267334,validation
6,he_3c82e8,3.077810764312744,3.5824475288391113,train
6,he_b6c479,2.625049352645874,2.764280319213867,train
6,le_30e20c,6.024087429046631,5.385764122009277,validation
6,he_fa06a9,2.2737855911254883,2.3440358638763428,train
6,he_cea795,6.231646537780762,8.805726051330566,validation
6,he_08e37a,6.760026454925537,10.13295841217041,validation
6,le_0a5d4e,2.6670329570770264,2.738302230834961,train
6,le_3958a2,5.774786472320557,5.852613925933838,validation
6,he_0d9729,9.614280700683594,14.512420654296875,validation
6,he_ba5ede,6.8634443283081055,10.3477783203125,validation
6,le_dfd865,8.560463905334473,8.499565124511719,validation
6,he_5655ff,2.7485806941986084,3.2141542434692383,train
6,le_7ebcc8,3.8201980590820312,3.1471176147460938,train
6,he_f4a966,6.955971717834473,10.110225677490234,validation
6,le_e5ac33,6.008128643035889,4.962542533874512,validation
6,he_72e7fe,2.7481398582458496,2.622215747833252,train
6,le_b76165,4.6811442375183105,3.886399030685425,train
6,he_427324,6.111064434051514,8.56364917755127,validation
6,le_db96c1,6.9956159591674805,7.211599349975586,validation
6,le_52f6c1,4.7009477615356445,3.890131950378418,train
6,he_975d5e,5.051818370819092,6.347311973571777,validation
6,he_d48ae7,2.3939895629882812,2.3911843299865723,train
6,le_ea9d6d,4.7764763832092285,3.9541099071502686,train
6,le_53a988,5.696221351623535,4.523612976074219,train
6,he_eb2012,6.491875171661377,9.714675903320312,validation
6,le_c38bd0,6.5429277420043945,5.305270195007324,validation
6,le_5e5ef6,3.885221242904663,3.1249053478240967,train
6,he_576ce7,6.326283931732178,9.467500686645508,validation
6,le_ddc92b,4.229405403137207,3.863399028778076,train
6,le_8fa52e,5.956418514251709,4.705630779266357,train
6,le_3311e0,6.695603370666504,6.56588888168335,validation
6,he_efff46,6.521100044250488,9.528815269470215,validation
6,he_9bfb55,6.649043560028076,9.524051666259766,validation
6,he_b88cd5,2.9289193153381348,3.324268341064453,train
6,le_6b47df,7.1757659912109375,6.476189613342285,validation
6,le_41d9a8,8.315211296081543,7.496500492095947,validation
6,le_abd17d,8.610147476196289,8.646079063415527,validation
6,he_d7ab7a,5.382003307342529,7.2723822593688965,validation
6,he_37c841,2.708420991897583,2.7238786220550537,train
6,le_8be674,3.4540462493896484,2.770834445953369,train
6,he_462116,5.128678321838379,7.181552410125732,validation
6,he_9c8776,2.4625329971313477,2.815943956375122,train
6,he_85dce2,2.9749526977539062,3.4751925468444824,train
6,he_b62c7a,6.3637590408325195,9.491349220275879,validation
6,le_9b9507,4.556142807006836,3.178624391555786,train
6,le_9b5ef6,7.587480068206787,5.743439197540283,validation
6,he_615aad,2.8632590770721436,3.3314566612243652,train
6,he_3e980e,3.459052324295044,4.314340114593506,train
6,he_6eadd8,5.163337230682373,7.172881126403809,validation
6,le_6571ef,6.110642910003662,4.768537998199463,validation
6,le_587750,4.845649719238281,3.8324973583221436,train
6,le_b4c6a4,4.175012588500977,3.7348527908325195,train
6,he_79c1cf,1.958782434463501,1.793559193611145,train
6,le_979e21,7.728597164154053,7.520601272583008,validation
6,le_cdc6f7,5.636519908905029,4.942148685455322,train
6,he_9cb669,2.264143943786621,2.291919708251953,train
6,le_4ce813,4.849404335021973,3.7597579956054688,train
6,le_7e7fc0,9.203364372253418,7.427377223968506,validation
6,he_e212a9,2.733015775680542,2.7193596363067627,train
7,le_073aa1,8.511186599731445,6.505035400390625,validation
7,he_3c82e8,3.1170313358306885,3.720280170440674,train
7,he_b6c479,2.4590680599212646,2.6281328201293945,train
7,le_30e20c,6.369844436645508,5.779016017913818,validation
7,he_fa06a9,2.384904384613037,2.450563430786133,train
7,he_cea795,6.8069167137146,9.885354995727539,validation
7,he_08e37a,7.463866710662842,11.617301940917969,validation
7,le_0a5d4e,2.3577330112457275,2.498826026916504,train
7,le_3958a2,5.439002513885498,5.493189811706543,validation
7,he_0d9729,9.9050874710083,15.117931365966797,validation
7,he_ba5ede,6.851839542388916,10.266800880432129,validation
7,le_dfd865,8.720355987548828,8.450288772583008,validation
7,he_5655ff,2.5214173793792725,2.926304817199707,train
7,le_7ebcc8,3.466881036758423,2.8493690490722656,train
7,he_f4a966,7.7255754470825195,11.453997611999512,validation
7,le_e5ac33,6.176774978637695,4.959084510803223,validation
7,he_72e7fe,2.6971166133880615,2.646153211593628,train
7,le_b76165,4.697266101837158,4.143361568450928,train
7,he_427324,6.483127117156982,9.173453330993652,validation
7,le_db96c1,7.487916469573975,7.985980033874512,validation
7,le_52f6c1,4.1637773513793945,3.2217917442321777,train
7,he_975d5e,5.445858955383301,7.086759090423584,validation
7,he_d48ae7,1.744591474533081,1.4892841577529907,train
7,le_ea9d6d,4.585352420806885,3.7513999938964844,train
7,le_53a988,4.74928617477417,3.4998767375946045,train
7,he_eb2012,6.916290283203125,10.523004531860352,validation
7,le_c38bd0,6.555370807647705,5.595116138458252,validation
7,le_5e5ef6,4.4393720626831055,3.6889872550964355,train
7,he_576ce7,6.465632915496826,9.849186897277832,validation
7,le_ddc92b,3.914090633392334,3.506887197494507,train
7,le_8fa52e,5.974880695343018,4.800814628601074,train
7,le_3311e0,7.057297229766846,6.61781120300293,validation
7,he_efff46,7.441632270812988,11.072933197021484,validation
7,he_9bfb55,6.927562236785889,10.476703643798828,validation
7,he_b88cd5,2.260608434677124,2.378211259841919,train
7,le_6b47df,7.380280017852783,6.578114986419678,validation
7,le_41d9a8,8.903603553771973,7.903014183044434,validation
7,le_abd17d,8.176572799682617,8.104204177856445,validation
7,he_d7ab7a,5.735864639282227,7.920328617095947,validation
7,he_37c841,1.7220251560211182,0.9690701365470886,train
7,le_8be674,3.519993305206299,2.5612170696258545,train
7,he_462116,5.703763008117676,8.101359367370605,validation
7,he_9c8776,2.242917060852051,2.524771213531494,train
7,he_85dce2,2.2350239753723145,2.303079128265381,train
7,he_b62c7a,6.522547245025635,9.875029563903809,validation
7,le_9b9507,4.291319370269775,2.9127132892608643,train
7,le_9b5ef6,7.861695766448975,5.229981899261475,validation
7,he_615aad,2.3137807846069336,2.5138895511627197,train
7,he_3e980e,3.1320347785949707,3.9139251708984375,train
7,he_6eadd8,5.70876407623291,8.088224411010742,validation
7,le_6571ef,6.830776691436768,5.037239074707031,validation
7,le_587750,4.525644779205322,3.697655200958252,train
7,le_b4c6a4,4.34757661819458,3.7611074447631836,train
7,he_79c1cf,1.8978710174560547,1.7318432331085205,train
7,le_979e21,8.153951644897461,7.910262107849121,validation
7,le_cdc6f7,5.273685455322266,4.747310161590576,train
7,he_9cb669,2.0329785346984863,2.0879476070404053,train
7,le_4ce813,5.482882976531982,4.451922416687012,train
7,le_7e7fc0,10.617226600646973,7.691758632659912,validation
7,he_e212a9,2.4086220264434814,2.403520107269287,train
8,le_073aa1,9.750897407531738,7.846211910247803,validation
8,he_3c82e8,2.879624843597412,3.072695255279541,train
8,he_b6c479,2.074561595916748,1.7638683319091797,train
8,le_30e20c,6.395761966705322,5.600814342498779,validation
8,he_fa06a9,1.4555550813674927,0.8940979242324829,train
8,he_cea795,7.658740520477295,11.050299644470215,validation
8,he_08e37a,8.61097240447998,13.269112586975098,validation
8,le_0a5d4e,2.1305489540100098,2.336883306503296,train
8,le_3958a2,5.653200149536133,5.833056449890137,validation
8,he_0d9729,11.644181251525879,17.8763370513916,validation
8,he_ba5ede,6.895379066467285,10.091565132141113,validation
8,le_dfd865,9.482392311096191,9.875411987304688,validation
8,he_5655ff,1.9227513074874878,1.8922903537750244,train
8,le_7ebcc8,4.024254322052002,3.479100465774536,train
8,he_f4a966,8.441305160522461,12.512978553771973,validation
8,le_e5ac33,6.740176200866699,5.602322578430176,validation
8,he_72e7fe,1.761051893234253,0.990587055683136,train
8,le_b76165,4.497790813446045,3.498739242553711,train
8,he_427324,7.143734455108643,10.047111511230469,validation
8,le_db96c1,7.925142288208008,7.9278340339660645,validation
8,le_52f6c1,3.842162847518921,2.8136777877807617,train
8,he_975d5e,6.372270584106445,8.25667667388916,validation
8,he_d48ae7,1.8422770500183105,1.5446686744689941,train
8,le_ea9d6d,4.3793044090271,3.2052149772644043,train
8,le_53a988,4.328591346740723,3.1374261379241943,train
8,he_eb2012,7.084808349609375,10.595518112182617,validation
8,le_c38bd0,8.71701431274414,8.456912994384766,validation
8,le_5e5ef6,4.082301616668701,2.9562108516693115,train
8,he_576ce7,6.885331153869629,10.156976699829102,validation
8,le_ddc92b,3.0919315814971924,2.5143768787384033,train
8,le_8fa52e,5.262755870819092,3.9686527252197266,train
8,le_3311e0,7.465733528137207,7.0236101150512695,validation
8,he_efff46,7.752346038818359,11.280726432800293,validation
8,he_9bfb55,8.218606948852539,12.219733238220215,validation
8,he_b88cd5,1.9603140354156494,1.7312755584716797,train
8,le_6b47df,7.970950126647949,7.546999454498291,validation
8,le_41d9a8,9.487593650817871,8.477962493896484,validation
8,le_abd17d,8.756343841552734,9.190916061401367,validation
8,he_d7ab7a,6.579697608947754,9.125981330871582,validation
8,he_37c841,1.6419237852096558,0.7240411639213562,train
8,le_8be674,3.2232470512390137,2.2781777381896973,train
8,he_462116,6.6160478591918945,9.372812271118164,validation
8,he_9c8776,2.1631412506103516,2.3300254344940186,train
8,he_85dce2,1.7631111145019531,1.3826557397842407,train
8,he_b62c7a,6.916602611541748,10.364886283874512,validation
8,le_9b9507,4.880280017852783,3.907266139984131,train
8,le_9b5ef6,8.774832725524902,6.6635332107543945,validation
8,he_615aad,1.9395668506622314,1.697378158569336,train
8,he_3e980e,3.5270607471466064,4.363053798675537,train
8,he_6eadd8,6.55880069732666,9.23250961303711,validation
8,le_6571ef,7.354625701904297,5.24924373626709,validation
8,le_587750,4.225698947906494,3.1690683364868164,train
8,le_b4c6a4,4.081397533416748,3.6059987545013428,train
8,he_79c1cf,1.6960210800170898,1.2790467739105225,train
8,le_979e21,8.240317344665527,7.488748550415039,validation
8,le_cdc6f7,5.5856547355651855,4.849552154541016,train
8,he_9cb669,1.7802742719650269,1.3803964853286743,train
8,le_4ce813,5.24345588684082,4.034879684448242,train
8,le_7e7fc0,10.652213096618652,8.143692970275879,validation
8,he_e212a9,1.3425111770629883,0.8466875553131104,train
9,le_073aa1,8.984071731567383,6.9386444091796875,validation
9,he_3c82e8,2.3855671882629395,2.221428871154785,train
9,he_b6c479,1.2750282287597656,0.5821598768234253,train
9,le_30e20c,7.428412914276123,6.229649543762207,validation
9,he_fa06a9,1.2206242084503174,0.3037826716899872,train
9,he_cea795,9.433049201965332,14.33090877532959,validation
9,he_08e37a,9.644367218017578,15.086928367614746,validation
9,le_0a5d4e,1.7854760885238647,1.8082032203674316,train
9,le_3958a2,6.237184524536133,6.8786468505859375,validation
9,he_0d9729,13.012371063232422,20.58690643310547,validation
9,he_ba5ede,8.039596557617188,12.38090991973877,validation
9,le_dfd865,9.800823211669922,10.189268112182617,validation
9,he_5655ff,2.19138240814209,2.386350393295288,train
9,le_7ebcc8,3.6139252185821533,2.98872971534729,train
9,he_f4a966,9.03141975402832,13.594826698303223,validation
9,le_e5ac33,7.610788345336914,6.440494060516357,validation
9,he_72e7fe,2.207815170288086,1.757075548171997,train
9,le_b76165,4.105436325073242,2.96684193611145,train
9,he_427324,8.13724136352539,11.694332122802734,validation
9,le_db96c1,8.344348907470703,8.43163776397705,validation
9,le_52f6c1,3.771477460861206,3.0152876377105713,train
9,he_975d5e,7.166001319885254,9.394856452941895,validation
9,he_d48ae7,1.3221986293792725,0.6821364164352417,train
9,le_ea9d6d,4.1237053871154785,2.843540906906128,train
9,le_53a988,4.37538480758667,3.414787769317627,train
9,he_eb2012,8.39796257019043,12.93942642211914,validation
9,le_c38bd0,9.08957576751709,8.650607109069824,validation
9,le_5e5ef6,3.721083879470825,2.7186057567596436,train
9,he_576ce7,7.436133861541748,11.292486190795898,validation
9,le_ddc92b,2.77917218208313,2.1047887802124023,train
9,le_8fa52e,5.08097505569458,3.8444786071777344,train
9,le_3311e0,8.160553932189941,7.751599311828613,validation
9,he_efff46,8.351954460144043,12.298502922058105,validation
9,he_9bfb55,9.816489219665527,15.366345405578613,validation
9,he_b88cd5,1.5872164964675903,1.1918259859085083,train
9,le_6b47df,8.394362449645996,8.136589050292969,validation
9,le_41d9a8,10.33255672454834,9.14685344696045,validation
9,le_abd17d,9.42029857635498,10.169650077819824,validation
9,he_d7ab7a,7.484084606170654,10.653590202331543,validation
9,he_37c841,1.4679908752441406,0.4889819324016571,train
9,le_8be674,3.0396974086761475,2.2428994178771973,train
9,he_462116,7.249095916748047,10.60472583770752,validation
9,he_9c8776,1.2580642700195312,0.7087506651878357,train
9,he_85dce2,1.450872540473938,0.9605816602706909,train
9,he_b62c7a,7.382411479949951,11.339393615722656,validation
9,le_9b9507,3.8262574672698975,2.4228780269622803,train
9,le_9b5ef6,8.517345428466797,5.7697906494140625,validation
9,he_615aad,1.7142921686172485,1.3343331813812256,train
9,he_3e980e,3.4140141010284424,4.318808555603027,train
9,he_6eadd8,7.088117599487305,10.241314888000488,validation
9,le_6571ef,7.94999885559082,5.0787811279296875,validation
9,le_587750,3.814893960952759,2.6264264583587646,train
9,le_b4c6a4,3.6165223121643066,3.190051794052124,train
9,he_79c1cf,1.3727589845657349,0.9571079611778259,train
9,le_979e21,8.908947944641113,8.13162612915039,validation
9,le_cdc6f7,5.192465305328369,4.058281898498535,train
9,he_9cb669,1.7125725746154785,1.3761144876480103,train
9,le_4ce813,4.710692405700684,3.6212518215179443,train
9,le_7e7fc0,10.912513732910156,7.697886943817139,validation
9,he_e212a9,2.105318784713745,1.7096455097198486,train
10,le_073aa1,10.249905586242676,8.063941955566406,validation
10,he_3c82e8,2.52681565284729,2.5589184761047363,train
10,he_b6c479,1.5484389066696167,0.9025170207023621,train
10,le_30e20c,7.401630878448486,6.453988552093506,validation
10,he_fa06a9,1.7869645357131958,1.116649866104126,train
10,he_cea795,10.035088539123535,15.237138748168945,validation
10,he_08e37a,10.027525901794434,15.944558143615723,validation
10,le_0a5d4e,1.9180712699890137,1.738538384437561,train
10,le_3958a2,7.4219651222229,8.08351993560791,validation
10,he_0d9729,12.75504207611084,20.05978775024414,validation
10,he_ba5ede,7.949246406555176,12.212370872497559,validation
10,le_dfd865,11.076192855834961,11.377592086791992,validation
10,he_5655ff,1.2932571172714233,0.7516958117485046,train
10,le_7ebcc8,3.517632246017456,2.897801160812378,train
10,he_f4a966,9.207447052001953,13.892373085021973,validation
10,le_e5ac33,7.573037624359131,6.409200191497803,validation
10,he_72e7fe,2.187077283859253,2.0737743377685547,train
10,le_b76165,4.0362677574157715,2.6809568405151367,train
10,he_427324,8.424896240234375,12.280299186706543,validation
10,le_db96c1,9.81848430633545,9.5294771194458,validation
10,le_52f6c1,3.138598680496216,2.598039150238037,train
10,he_975d5e,7.124588489532471,9.363266944885254,validation
10,he_d48ae7,1.793432354927063,1.2746827602386475,train
10,le_ea9d6d,4.212504863739014,2.7597763538360596,train
10,le_53a988,4.658853530883789,3.20694637298584,train
10,he_eb2012,8.865447998046875,13.764360427856445,validation
10,le_c38bd0,8.942177772521973,7.800540924072266,validation
10,le_5e5ef6,3.4874861240386963,2.2273309230804443,train
10,he_576ce7,8.524953842163086,13.261091232299805,validation
10,le_ddc92b,2.8347222805023193,2.0949065685272217,train
10,le_8fa52e,4.643881797790527,3.5101077556610107,train
10,le_3311e0,8.726533889770508,7.996367454528809,validation
10,he_efff46,8.99609088897705,13.552281379699707,validation
10,he_9bfb55,9.907092094421387,15.556792259216309,validation
10,he_b88cd5,1.5065152645111084,1.016787052154541,train
10,le_6b47df,8.930037498474121,8.566030502319336,validation
10,le_41d9a8,10.435795783996582,9.641242027282715,validation
10,le_abd17d,11.015092849731445,12.027498245239258,validation
10,he_d7ab7a,8.793970108032227,13.044637680053711,validation
10,he_37c841,1.3446333408355713,0.35548892617225647,train
10,le_8be674,2.439331293106079,1.556542158126831,train
10,he_462116,7.642243385314941,11.126151084899902,validation
10,he_9c8776,2.009610652923584,1.9273340702056885,train
10,he_85dce2,1.1867486238479614,0.5245431065559387,train
10,he_b62c7a,7.957139492034912,12.312079429626465,validation
10,le_9b9507,3.8349828720092773,2.584246873855591,train
10,le_9b5ef6,9.981770515441895,6.771162509918213,validation
10,he_615aad,1.5569045543670654,1.119886875152588,train
10,he_3e980e,2.9456756114959717,3.5443649291992188,train
10,he_6eadd8,7.675750732421875,11.14346981048584,validation
10,le_6571ef,8.240113258361816,5.373821258544922,validation
10,le_587750,3.9751551151275635,2.6658997535705566,train
10,le_b4c6a4,4.05839204788208,3.6289567947387695,train
10,he_79c1cf,1.2824956178665161,0.7780485153198242,train
10,le_979e21,9.238373756408691,8.735161781311035,validation
10,le_cdc6f7,4.802797317504883,3.815032482147217,train
10,he_9cb669,1.966966152191162,1.9605169296264648,train
10,le_4ce813,4.8613200187683105,3.469618797302246,train
10,le_7e7fc0,12.456314086914062,8.507530212402344,validation
10,he_e212a9,1.6116349697113037,1.1052974462509155,train
11,le_073aa1,11.087263107299805,8.780364036560059,validation
11,he_3c82e8,1.9214725494384766,1.3505630493164062,train
11,he_b6c479,1.5395029783248901,0.6103096008300781,train
11,le_30e20c,8.288748741149902,7.4035444259643555,validation
11,he_fa06a9,1.7728341817855835,1.0320440530776978,train
11,he_cea795,10.887994766235352,16.35997200012207,validation
11,he_08e37a,10.881706237792969,17.21946907043457,validation
11,le_0a5d4e,1.6431914567947388,1.0376214981079102,train
11,le_3958a2,8.436588287353516,9.704994201660156,validation
11,he_0d9729,13.929131507873535,21.61467170715332,validation
11,he_ba5ede,10.053288459777832,15.607497215270996,validation
11,le_dfd865,12.599806785583496,12.57128620147705,validation
11,he_5655ff,1.4788286685943604,0.9074262976646423,train
11,le_7ebcc8,3.77341890335083,3.0899651050567627,train
11,he_f4a966,10.740120887756348,16.52920150756836,validation
11,le_e5ac33,8.637869834899902,7.425902366638184,validation
11,he_72e7fe,2.0838072299957275,1.4494202136993408,train
11,le_b76165,3.761996030807495,2.6064212322235107,train
11,he_427324,10.128010749816895,14.78087043762207,validation
11,le_db96c1,9.873537063598633,9.609795570373535,validation
11,le_52f6c1,3.8086328506469727,3.081625461578369,train
11,he_975d5e,8.20862102508545,10.806127548217773,validation
11,he_d48ae7,1.773450255393982,1.2500178813934326,train
11,le_ea9d6d,4.460188388824463,2.969020366668701,train
11,le_53a988,3.7534854412078857,2.574066638946533,train
11,he_eb2012,10.407768249511719,16.11603355407715,validation
11,le_c38bd0,10.021783828735352,8.467840194702148,validation
11,le_5e5ef6,3.395941734313965,2.0950746536254883,train
11,he_576ce7,9.475138664245605,14.920851707458496,validation
11,le_ddc92b,2.7207436561584473,1.7059930562973022,train
11,le_8fa52e,5.19978141784668,4.141672134399414,train
11,le_3311e0,9.75367259979248,8.599039077758789,validation
11,he_efff46,9.50784969329834,14.029853820800781,validation
11,he_9bfb55,11.545193672180176,18.339319229125977,validation
11,he_b88cd5,1.5417238473892212,1.067926049232483,train
11,le_6b47df,8.857898712158203,8.422592163085938,validation
11,le_41d9a8,11.970616340637207,11.142746925354004,validation
11,le_abd17d,11.256495475769043,12.443076133728027,validation
11,he_d7ab7a,9.537415504455566,13.89654541015625,validation
11,he_37c841,1.4178754091262817,0.1815461367368698,train
11,le_8be674,3.4144301414489746,2.2319979667663574,train
11,he_462116,9.328285217285156,13.57398796081543,validation
11,he_9c8776,2.124793291091919,1.9438170194625854,train
11,he_85dce2,1.1609044075012207,0.5638421773910522,train
11,he_b62c7a,8.814065933227539,13.319024085998535,validation
11,le_9b9507,3.980086326599121,2.780277967453003,train
11,le_9b5ef6,11.012709617614746,7.776492595672607,validation
11,he_615aad,1.2158199548721313,0.6778899431228638,train
11,he_3e980e,3.8148915767669678,4.729198932647705,train
11,he_6eadd8,8.41132926940918,12.378324508666992,validation
11,le_6571ef,9.193977355957031,5.555569171905518,validation
11,le_587750,3.5522499084472656,2.1569526195526123,train
11,le_b4c6a4,4.233319282531738,3.825606346130371,train
11,he_79c1cf,1.6091928482055664,1.0964797735214233,train
11,le_979e21,10.660510063171387,10.174007415771484,validation
11,le_cdc6f7,4.783143520355225,4.308205604553223,train
11,he_9cb669,1.718088984489441,1.1124333143234253,train
11,le_4ce813,4.994609355926514,2.908926486968994,train
11,le_7e7fc0,13.701809883117676,9.757401466369629,validation
11,he_e212a9,1.9818201065063477,1.313995122909546,train
12,le_073aa1,10.929832458496094,8.231877326965332,validation
12,he_3c82e8,2.5102806091308594,2.3402068614959717,train
12,he_b6c479,1.2387462854385376,0.4237203598022461,train
12,le_30e20c,8.508581161499023,7.582313537597656,validation
12,he_fa06a9,1.8262327909469604,1.1781731843948364,train
12,he_cea795,11.09826374053955,16.880781173706055,validation
12,he_08e37a,11.676898002624512,18.93292236328125,validation
12,le_0a5d4e,1.6866633892059326,0.8711130619049072,train
12,le_3958a2,9.217453956604004,10.20710277557373,validation
12,he_0d9729,14.063633918762207,22.148109436035156,validation
12,he_ba5ede,10.205486297607422,15.996957778930664,validation
12,le_dfd865,13.527856826782227,13.694059371948242,validation
12,he_5655ff,1.4924108982086182,0.9465179443359375,train
12,le_7ebcc8,4.289708614349365,3.747769355773926,train
12,he_f4a966,11.301749229431152,17.310670852661133,validation
12,le_e5ac33,8.199169158935547,7.230007648468018,validation
12,he_72e7fe,2.0062224864959717,1.3532118797302246,train
12,le_b76165,4.203004837036133,2.1592063903808594,train
12,he_427324,10.81887435913086,15.87746524810791,validation
12,le_db96c1,11.39520263671875,10.664702415466309,validation
12,le_52f6c1,3.7252159118652344,2.3730194568634033,train
12,he_975d5e,7.9025187492370605,10.335187911987305,validation
12,he_d48ae7,1.5940146446228027,0.9434064030647278,train
12,le_ea9d6d,4.1160664558410645,2.627936840057373,train
12,le_53a988,3.8703317642211914,2.4920334815979004,train
12,he_eb2012,11.280957221984863,17.71328353881836,validation
12,le_c38bd0,10.498421669006348,9.062644958496094,validation
12,le_5e5ef6,3.733522653579712,2.034644603729248,train
12,he_576ce7,10.4508056640625,16.518423080444336,validation
12,le_ddc92b,2.8642728328704834,1.748809576034546,train
12,le_8fa52e,5.301021575927734,4.151228904724121,train
12,le_3311e0,10.39616584777832,9.143535614013672,validation
12,he_efff46,10.63768196105957,16.025161743164062,validation
12,he_9bfb55,12.27849292755127,19.345090866088867,validation
12,he_b88cd5,1.3264344930648804,0.5692030787467957,train
12,le_6b47df,9.681917190551758,9.314990997314453,validation
12,le_41d9a8,14.031136512756348,13.312345504760742,validation
12,le_abd17d,11.363982200622559,12.411717414855957,validation
12,he_d7ab7a,10.548633575439453,15.518695831298828,validation
12,he_37c841,1.6492871046066284,0.7175191044807434,train
12,le_8be674,3.221221923828125,1.9193052053451538,train
12,he_462116,10.591703414916992,15.840291023254395,validation
12,he_9c8776,2.614450216293335,2.874335765838623,train
12,he_85dce2,1.3251253366470337,0.6829640865325928,train
12,he_b62c7a,9.348990440368652,14.605742454528809,validation
12,le_9b9507,3.852673053741455,2.555656909942627,train
12,le_9b5ef6,10.768088340759277,8.18461799621582,validation
12,he_615aad,1.5325804948806763,0.947718620300293,train
12,he_3e980e,3.722606658935547,4.8535871505737305,train
12,he_6eadd8,8.630915641784668,12.649243354797363,validation
12,le_6571ef,10.097309112548828,5.764264106750488,validation
12,le_587750,3.612882614135742,2.3221936225891113,train
12,le_b4c6a4,3.67642879486084,3.0550553798675537,train
12,he_79c1cf,1.3884104490280151,0.647311270236969,train
12,le_979e21,12.219769477844238,11.640084266662598,validation
12,le_cdc6f7,3.9705538749694824,3.39776611328125,train
12,he_9cb669,1.9162310361862183,1.631384015083313,train
12,le_4ce813,4.8153486251831055,2.8075103759765625,train
12,le_7e7fc0,14.357178688049316,10.350913047790527,validation
12,he_e212a9,1.7667244672775269,1.1396411657333374,train
13,le_073aa1,11.578653335571289,9.381086349487305,validation
13,he_3c82e8,1.9921292066574097,1.6624045372009277,train
13,he_b6c479,1.1443887948989868,0.31637176871299744,train
13,le_30e20c,9.792208671569824,9.151398658752441,validation
13,he_fa06a9,1.6974323987960815,1.4882066249847412,train
13,he_cea795,11.913662910461426,18.255613327026367,validation
13,he_08e37a,11.608492851257324,18.589994430541992,validation
13,le_0a5d4e,1.2782899141311646,0.8538585305213928,train
13,le_3958a2,11.5441312789917,11.631460189819336,validation
13,he_0d9729,14.393160820007324,23.132383346557617,validation
13,he_ba5ede,9.545449256896973,14.637178421020508,validation
13,le_dfd865,13.472055435180664,13.4287109375,validation
13,he_5655ff,1.5643932819366455,1.1455901861190796,train
13,le_7ebcc8,4.153724193572998,3.52264142036438,train
13,he_f4a966,11.456012725830078,17.44003677368164,validation
13,le_e5ac33,8.977616310119629,7.7547783851623535,validation
13,he_72e7fe,1.8848178386688232,1.0429561138153076,train
13,le_b76165,3.9801974296569824,2.0522520542144775,train
13,he_427324,11.438044548034668,16.685670852661133,validation
13,le_db96c1,10.870867729187012,10.49300765991211,validation
13,le_52f6c1,4.0847697257995605,3.216780662536621,train
13,he_975d5e,8.440634727478027,11.032331466674805,validation
13,he_d48ae7,1.5950865745544434,0.9585868120193481,train
13,le_ea9d6d,5.138311862945557,3.8494293689727783,train
13,le_53a988,4.802739143371582,3.3033065795898438,train
13,he_eb2012,10.89415168762207,17.09615707397461,validation
13,le_c38bd0,10.838957786560059,9.259571075439453,validation
13,le_5e5ef6,3.94775390625,2.2689661979675293,train
13,he_576ce7,10.409016609191895,16.15781593322754,validation
13,le_ddc92b,2.480041742324829,2.0553267002105713,train
13,le_8fa52e,5.308772087097168,4.302979469299316,train
13,le_3311e0,10.682068824768066,8.827658653259277,validation
13,he_efff46,10.153901100158691,15.072447776794434,validation
13,he_9bfb55,12.736517906188965,19.84613800048828,validation
13,he_b88cd5,1.4446310997009277,0.820033848285675,train
13,le_6b47df,9.698264122009277,9.166638374328613,validation
13,le_41d9a8,14.715819358825684,13.932878494262695,validation
13,le_abd17d,12.215377807617188,13.130647659301758,validation
13,he_d7ab7a,11.278738021850586,16.71333122253418,validation
13,he_37c841,1.50018310546875,0.38881465792655945,train
13,le_8be674,3.0748486518859863,1.994642972946167,train
13,he_462116,10.537919998168945,15.399530410766602,validation
13,he_9c8776,1.7500325441360474,1.3706916570663452,train
13,he_85dce2,1.488218069076538,0.8270459175109863,train
13,he_b62c7a,9.409584045410156,14.482733726501465,validation
13,le_9b9507,3.70776104927063,2.405277967453003,train
13,le_9b5ef6,12.146078109741211,9.038533210754395,validation
13,he_615aad,1.4233415126800537,0.8697565793991089,train
13,he_3e980e,3.4545648097991943,4.187619209289551,train
13,he_6eadd8,8.718830108642578,12.776694297790527,validation
13,le_6571ef,10.695878028869629,6.825467586517334,validation
13,le_587750,3.3741092681884766,2.160062313079834,train
13,le_b4c6a4,3.4056267738342285,2.6077427864074707,train
13,he_79c1cf,1.4169542789459229,1.1305174827575684,train
13,le_979e21,14.384703636169434,13.994929313659668,validation
13,le_cdc6f7,4.583531379699707,3.613253355026245,train
13,he_9cb669,1.8586070537567139,1.4825689792633057,train
13,le_4ce813,4.845089435577393,2.716419219970703,train
13,le_7e7fc0,14.710639953613281,10.719972610473633,validation
13,he_e212a9,1.5214852094650269,1.0880703926086426,train
14,le_073aa1,11.938497543334961,10.164677619934082,validation
14,he_3c82e8,2.5218899250030518,2.396002769470215,train
14,he_b6c479,1.3000683784484863,0.2169293314218521,train
14,le_30e20c,10.057719230651855,9.587404251098633,validation
14,he_fa06a9,1.8748924732208252,1.4719524383544922,train
14,he_cea795,11.890393257141113,17.98304557800293,validation
14,he_08e37a,11.919865608215332,18.689918518066406,validation
14,le_0a5d4e,1.2256475687026978,0.7115585803985596,train
14,le_3958a2,11.940764427185059,12.233125686645508,validation
14,he_0d9729,14.609171867370605,22.79137420654297,validation
14,he_ba5ede,10.569864273071289,16.49709129333496,validation
14,le_dfd865,14.274619102478027,14.2466402053833,validation
14,he_5655ff,1.8800514936447144,1.5444550514221191,train
14,le_7ebcc8,4.445523738861084,3.8084018230438232,train
14,he_f4a966,11.647337913513184,17.80361557006836,validation
14,le_e5ac33,10.272546768188477,8.529820442199707,validation
14,he_72e7fe,1.8566341400146484,1.159256100654602,train
14,le_b76165,4.011684894561768,1.8429847955703735,train
14,he_427324,11.177384376525879,16.182804107666016,validation
14,le_db96c1,11.75515079498291,11.329992294311523,validation
14,le_52f6c1,3.383251428604126,2.256669521331787,train
14,he_975d5e,8.685830116271973,11.339920043945312,validation
14,he_d48ae7,1.63154935836792,0.830561637878418,train
14,le_ea9d6d,5.353183269500732,4.183122634887695,train
14,le_53a988,5.249144554138184,3.2333180904388428,train
14,he_eb2012,11.311294555664062,17.7181339263916,validation
14,le_c38bd0,11.64831256866455,9.98820686340332,validation
14,le_5e5ef6,3.448383331298828,2.1179134845733643,train
14,he_576ce7,10.797760009765625,17.01291275024414,validation
14,le_ddc92b,2.444093942642212,2.021308422088623,train
14,le_8fa52e,5.397931098937988,4.407784461975098,train
14,le_3311e0,11.381308555603027,10.011330604553223,validation
14,he_efff46,10.347036361694336,15.352224349975586,validation
14,he_9bfb55,12.962879180908203,20.11007308959961,validation
14,he_b88cd5,1.312928318977356,0.4086879789829254,train
14,le_6b47df,9.5824556350708,8.921170234680176,validation
14,le_41d9a8,14.994394302368164,14.254219055175781,validation
14,le_abd17d,12.661577224731445,13.393387794494629,validation
14,he_d7ab7a,11.438047409057617,16.977731704711914,validation
14,he_37c841,1.640749454498291,0.39542290568351746,train
14,le_8be674,3.080108165740967,1.6969149112701416,train
14,he_462116,10.538734436035156,15.425657272338867,validation
14,he_9c8776,1.8366812467575073,1.368025779724121,train
14,he_85dce2,1.500628113746643,0.8924362659454346,train
14,he_b62c7a,10.021001815795898,15.49654483795166,validation
14,le_9b9507,4.586378574371338,3.2760262489318848,train
14,le_9b5ef6,12.856728553771973,9.993088722229004,validation
14,he_615aad,1.417282223701477,0.9973009824752808,train
14,he_3e980e,4.148709774017334,5.302419185638428,train
14,he_6eadd8,8.907014846801758,12.865922927856445,validation
14,le_6571ef,11.85494327545166,7.5341033935546875,validation
14,le_587750,4.021782875061035,2.6010663509368896,train
14,le_b4c6a4,3.535674571990967,3.0142226219177246,train
14,he_79c1cf,1.829713225364685,1.5241628885269165,train
14,le_979e21,14.532211303710938,14.34128189086914,validation
14,le_cdc6f7,4.136673927307129,3.053635835647583,train
14,he_9cb669,1.987691879272461,1.728455901145935,train
14,le_4ce813,4.74606466293335,2.4688405990600586,train
14,le_7e7fc0,14.469178199768066,10.487968444824219,validation
14,he_e212a9,1.4234167337417603,1.0865387916564941,train
15,le_073aa1,12.242321968078613,10.67857837677002,validation
15,he_3c82e8,2.6592912673950195,2.6107890605926514,train
15,he_b6c479,1.287340521812439,0.2277824878692627,train
15,le_30e20c,10.653904914855957,10.245037078857422,validation
15,he_fa06a9,1.230273723602295,0.5930313467979431,train
15,he_cea795,11.804910659790039,17.774763107299805,validation
15,he_08e37a,12.526288032531738,19.76506996154785,validation
15,le_0a5d4e,1.3482191562652588,0.8771919012069702,train
15,le_3958a2,12.488064765930176,13.184528350830078,validation
15,he_0d9729,14.552218437194824,22.984207153320312,validation
15,he_ba5ede,10.63454532623291,16.458322525024414,validation
15,le_dfd865,14.221887588500977,14.517731666564941,validation
15,he_5655ff,1.769806981086731,1.5939321517944336,train
15,le_7ebcc8,5.170126438140869,4.668341159820557,train
15,he_f4a966,11.453798294067383,17.564828872680664,validation
15,le_e5ac33,10.750304222106934,9.13632583618164,validation
15,he_72e7fe,2.341308832168579,1.9789023399353027,train
15,le_b76165,4.100337982177734,1.969918131828308,train
15,he_427324,11.040681838989258,15.922611236572266,validation
15,le_db96c1,12.320734977722168,11.93247127532959,validation
15,le_52f6c1,3.9717910289764404,2.83943772315979,train
15,he_975d5e,9.12087345123291,12.089795112609863,validation
15,he_d48ae7,1.447273850440979,0.5473300218582153,train
15,le_ea9d6d,5.267490863800049,3.950749158859253,train
15,le_53a988,5.171424388885498,2.8908419609069824,train
15,he_eb2012,11.12140941619873,17.46980094909668,validation
15,le_c38bd0,11.89047622680664,10.56171703338623,validation
15,le_5e5ef6,4.075827121734619,2.7325751781463623,train
15,he_576ce7,10.389470100402832,16.419057846069336,validation
15,le_ddc92b,1.9392262697219849,1.3715169429779053,train
15,le_8fa52e,5.222501754760742,4.182471752166748,train
15,le_3311e0,11.985186576843262,10.669873237609863,validation
15,he_efff46,10.817917823791504,16.050622940063477,validation
15,he_9bfb55,13.380073547363281,21.210050582885742,validation
15,he_b88cd5,1.3233164548873901,0.5212424397468567,train
15,le_6b47df,10.734269142150879,10.35898494720459,validation
15,le_41d9a8,15.645731925964355,15.138343811035156,validation
15,le_abd17d,12.980195999145508,13.720159530639648,validation
15,he_d7ab7a,11.225752830505371,16.74876594543457,validation
15,he_37c841,1.730794906616211,0.4986622929573059,train
15,le_8be674,2.790606737136841,1.2813977003097534,train
15,he_462116,10.404006004333496,15.199869155883789,validation
15,he_9c8776,1.4663949012756348,0.9802025556564331,train
15,he_85dce2,1.4018093347549438,0.8115147352218628,train
15,he_b62c7a,9.645774841308594,14.776198387145996,validation
15,le_9b9507,4.239206314086914,2.8666348457336426,train
15,le_9b5ef6,13.61221694946289,10.972125053405762,validation
15,he_615aad,1.3513128757476807,0.7174155712127686,train
15,he_3e980e,4.068027019500732,5.296590805053711,train
15,he_6eadd8,8.554203987121582,12.352349281311035,validation
15,le_6571ef,12.045650482177734,7.707485675811768,validation
15,le_587750,4.097500801086426,2.8911244869232178,train
15,le_b4c6a4,3.6668169498443604,3.132507562637329,train
15,he_79c1cf,1.6683744192123413,1.2774938344955444,train
15,le_979e21,14.845582008361816,15.276698112487793,validation
15,le_cdc6f7,4.544153213500977,3.40928316116333,train
15,he_9cb669,2.148263692855835,2.182844400405884,train
15,le_4ce813,5.079531669616699,2.3420422077178955,train
15,le_7e7fc0,15.402259826660156,11.298736572265625,validation
15,he_e212a9,1.9592740535736084,1.9298139810562134,train
16,le_073aa1,12.49731731414795,10.708991050720215,validation
16,he_3c82e8,3.0328004360198975,2.987308979034424,train
16,he_b6c479,1.28139328956604,0.1446143537759781,train
16,le_30e20c,10.992873191833496,10.480192184448242,validation
16,he_fa06a9,1.3819711208343506,0.7507700324058533,train
16,he_cea795,11.82597541809082,17.777271270751953,validation
16,he_08e37a,12.966503143310547,20.503990173339844,validation
16,le_0a5d4e,1.261817455291748,1.0349440574645996,train
16,le_3958a2,12.372076034545898,12.925765037536621,validation
16,he_0d9729,14.778056144714355,23.28424072265625,validation
16,he_ba5ede,10.503610610961914,16.17088508605957,validation
16,le_dfd865,14.654092788696289,14.803726196289062,validation
16,he_5655ff,1.9424006938934326,1.6914124488830566,train
16,le_7ebcc8,4.8808913230896,4.393144607543945,train
16,he_f4a966,11.770968437194824,17.97696304321289,validation
16,le_e5ac33,11.483597755432129,9.555477142333984,validation
16,he_72e7fe,2.0269789695739746,1.3714320659637451,train
16,le_b76165,4.397650241851807,2.0691750049591064,train
16,he_427324,10.987786293029785,15.751375198364258,validation
16,le_db96c1,12.17493724822998,11.652554512023926,validation
16,le_52f6c1,3.8687751293182373,3.026097059249878,train
16,he_975d5e,9.274072647094727,12.000329971313477,validation
16,he_d48ae7,1.6894428730010986,0.966206431388855,train
16,le_ea9d6d,5.059000492095947,3.859673261642456,train
16,le_53a988,4.744480609893799,2.6151249408721924,train
16,he_eb2012,11.200394630432129,17.415719985961914,validation
16,le_c38bd0,12.475229263305664,11.002425193786621,validation
16,le_5e5ef6,4.200963020324707,2.7798075675964355,train
16,he_576ce7,10.776422500610352,16.879188537597656,validation
16,le_ddc92b,2.1310555934906006,1.9964994192123413,train
16,le_8fa52e,5.1257853507995605,4.126646995544434,train
16,le_3311e0,11.329024314880371,10.199149131774902,validation
16,he_efff46,10.925362586975098,16.04286003112793,validation
16,he_9bfb55,13.417330741882324,20.83977508544922,validation
16,he_b88cd5,1.3403888940811157,0.4251536726951599,train
16,le_6b47df,10.625517845153809,10.214348793029785,validation
16,le_41d9a8,15.80745792388916,15.419560432434082,validation
16,le_abd17d,13.127657890319824,13.941519737243652,validation
16,he_d7ab7a,11.656569480895996,17.16449737548828,validation
16,he_37c841,1.7589925527572632,0.5662001967430115,train
16,le_8be674,3.0124049186706543,1.4192397594451904,train
16,he_462116,10.542548179626465,15.228034973144531,validation
16,he_9c8776,1.7374663352966309,1.2391096353530884,train
16,he_85dce2,1.5210959911346436,0.8938395977020264,train
16,he_b62c7a,9.644715309143066,14.712965965270996,validation
16,le_9b9507,4.207502365112305,2.9755985736846924,train
16,le_9b5ef6,14.073537826538086,10.871828079223633,validation
16,he_615aad,1.6290475130081177,1.20289945602417,train
16,he_3e980e,4.176496982574463,5.23865270614624,train
16,he_6eadd8,9.328001022338867,13.523200035095215,validation
16,le_6571ef,12.47296142578125,8.408381462097168,validation
16,le_587750,4.149878978729248,2.649425983428955,train
16,le_b4c6a4,3.467907190322876,3.02609920501709,train
16,he_79c1cf,1.7796211242675781,1.3759528398513794,train
16,le_979e21,15.09949016571045,15.639829635620117,validation
16,le_cdc6f7,4.069899559020996,2.8392233848571777,train
16,he_9cb669,2.112680435180664,1.9678046703338623,train
16,le_4ce813,4.9721999168396,2.5439236164093018,train
16,le_7e7fc0,15.688835144042969,11.766947746276855,validation
16,he_e212a9,1.905321478843689,1.3948410749435425,train
17,le_073aa1,12.703073501586914,11.005231857299805,validation
17,he_3c82e8,3.1170895099639893,3.0260114669799805,train
17,he_b6c479,1.3764140605926514,0.11421414464712143,train
17,le_30e20c,11.429987907409668,10.944742202758789,validation
17,he_fa06a9,1.372776746749878,0.7119050621986389,train
17,he_cea795,11.658215522766113,17.274524688720703,validation
17,he_08e37a,13.235260963439941,20.802528381347656,validation
17,le_0a5d4e,1.3501970767974854,1.0704798698425293,train
17,le_3958a2,12.794585227966309,13.379521369934082,validation
17,he_0d9729,15.190093994140625,23.8864803314209,validation
17,he_ba5ede,10.904890060424805,16.5813045501709,validation
17,le_dfd865,14.941936492919922,15.321283340454102,validation
17,he_5655ff,2.1311845779418945,1.8483850955963135,train
17,le_7ebcc8,5.01379919052124,4.517332553863525,train
17,he_f4a966,11.651407241821289,17.557907104492188,validation
17,le_e5ac33,11.878429412841797,9.449992179870605,validation
17,he_72e7fe,2.3966357707977295,1.6929268836975098,train
17,le_b76165,4.697261810302734,2.4694550037384033,train
17,he_427324,11.128645896911621,15.85556697845459,validation
17,le_db96c1,12.423196792602539,11.810193061828613,validation
17,le_52f6c1,3.922332763671875,2.9804234504699707,train
17,he_975d5e,9.365033149719238,12.013700485229492,validation
17,he_d48ae7,1.6749838590621948,0.8584665060043335,train
17,le_ea9d6d,5.2964043617248535,4.104574680328369,train
17,le_53a988,5.162028789520264,2.7535452842712402,train
17,he_eb2012,11.212051391601562,17.372146606445312,validation
17,le_c38bd0,12.539641380310059,11.255434036254883,validation
17,le_5e5ef6,4.336736679077148,2.879483461380005,train
17,he_576ce7,10.775664329528809,16.688325881958008,validation
17,le_ddc92b,2.03224515914917,2.0021488666534424,train
17,le_8fa52e,4.9578962326049805,3.9706931114196777,train
17,le_3311e0,11.483383178710938,10.168636322021484,validation
17,he_efff46,11.315841674804688,16.503372192382812,validation
17,he_9bfb55,13.733829498291016,21.024538040161133,validation
17,he_b88cd5,1.3843051195144653,0.42715346813201904,train
17,le_6b47df,10.965205192565918,10.526076316833496,validation
17,le_41d9a8,15.676569938659668,15.262130737304688,validation
17,le_abd17d,12.937845230102539,13.507853507995605,validation
17,he_d7ab7a,11.628325462341309,17.04509162902832,validation
17,he_37c841,1.8034838438034058,0.452633798122406,train
17,le_8be674,3.255486249923706,1.6498687267303467,train
17,he_462116,10.641885757446289,15.219523429870605,validation
17,he_9c8776,1.96632981300354,1.4614261388778687,train
17,he_85dce2,1.5292189121246338,0.6875907778739929,train
17,he_b62c7a,10.153714179992676,15.304555892944336,validation
17,le_9b9507,4.5903825759887695,3.185307741165161,train
17,le_9b5ef6,14.1469087600708,11.154159545898438,validation
17,he_615aad,1.5624061822891235,0.8814831376075745,train
17,he_3e980e,4.1733574867248535,5.1078691482543945,train
17,he_6eadd8,9.18929672241211,13.131547927856445,validation
17,le_6571ef,12.883476257324219,8.620447158813477,validation
17,le_587750,4.282328128814697,2.8944077491760254,train
17,le_b4c6a4,3.54174542427063,2.994443416595459,train
17,he_79c1cf,1.936840295791626,1.4589977264404297,train
17,le_979e21,15.200495719909668,15.881754875183105,validation
17,le_cdc6f7,4.275030612945557,3.0988640785217285,train
17,he_9cb669,2.3550758361816406,2.1147360801696777,train
17,le_4ce813,5.378284931182861,2.7037417888641357,train
17,le_7e7fc0,15.640888214111328,11.562814712524414,validation
17,he_e212a9,1.9206005334854126,1.3587965965270996,train
18,le_073aa1,12.694232940673828,11.020010948181152,validation
18,he_3c82e8,2.910353899002075,2.7858996391296387,train
18,he_b6c479,1.3024699687957764,0.1471325010061264,train
18,le_30e20c,11.493866920471191,11.051407814025879,validation
18,he_fa06a9,1.506406545639038,0.9290737509727478,train
18,he_cea795,11.744097709655762,17.534835815429688,validation
18,he_08e37a,13.141169548034668,20.852018356323242,validation
18,le_0a5d4e,1.3564516305923462,1.1746985912322998,train
18,le_3958a2,12.901870727539062,13.582042694091797,validation
18,he_0d9729,15.095619201660156,23.84743309020996,validation
18,he_ba5ede,11.085000038146973,17.022945404052734,validation
18,le_dfd865,14.966174125671387,15.47047233581543,validation
18,he_5655ff,2.0856292247772217,1.8597331047058105,train
18,le_7ebcc8,5.3086981773376465,4.863872528076172,train
18,he_f4a966,11.514934539794922,17.477968215942383,validation
18,le_e5ac33,12.137569427490234,9.800540924072266,validation
18,he_72e7fe,2.4592337608337402,1.8153516054153442,train
18,le_b76165,4.610839366912842,2.328234910964966,train
18,he_427324,11.369792938232422,16.290145874023438,validation
18,le_db96c1,12.793610572814941,12.159112930297852,validation
18,le_52f6c1,3.9396114349365234,3.210944890975952,train
18,he_975d5e,9.444267272949219,12.250070571899414,validation
18,he_d48ae7,1.7157989740371704,0.9167096018791199,train
18,le_ea9d6d,5.136327743530273,3.8415145874023438,train
18,le_53a988,4.714590072631836,2.4993174076080322,train
18,he_eb2012,11.342096328735352,17.64858627319336,validation
18,le_c38bd0,12.987911224365234,11.75190544128418,validation
18,le_5e5ef6,4.4513163566589355,2.934131145477295,train
18,he_576ce7,10.844730377197266,16.977548599243164,validation
18,le_ddc92b,2.1806933879852295,2.0574212074279785,train
18,le_8fa52e,5.3615851402282715,4.424000263214111,train
18,le_3311e0,11.600725173950195,10.093021392822266,validation
18,he_efff46,11.19929313659668,16.44915008544922,validation
18,he_9bfb55,13.795821189880371,21.31025505065918,validation
18,he_b88cd5,1.379014253616333,0.44537073373794556,train
18,le_6b47df,11.325823783874512,10.930831909179688,validation
18,le_41d9a8,16.04216194152832,15.691488265991211,validation
18,le_abd17d,13.363508224487305,13.796368598937988,validation
18,he_d7ab7a,11.633382797241211,17.12078285217285,validation
18,he_37c841,1.7601184844970703,0.5084508657455444,train
18,le_8be674,3.4508824348449707,1.8331959247589111,train
18,he_462116,10.685943603515625,15.315092086791992,validation
18,he_9c8776,1.8926525115966797,1.4368059635162354,train
18,he_85dce2,1.4649770259857178,0.7280396223068237,train
18,he_b62c7a,10.011590003967285,15.12884521484375,validation
18,le_9b9507,4.717418193817139,3.498485803604126,train
18,le_9b5ef6,14.143285751342773,11.13735294342041,validation
18,he_615aad,1.5964596271514893,0.9989723563194275,train
18,he_3e980e,4.037896633148193,4.949807643890381,train
18,he_6eadd8,9.17424488067627,13.215011596679688,validation
18,le_6571ef,13.178339958190918,8.725871086120605,validation
18,le_587750,4.361652851104736,2.921329975128174,train
18,le_b4c6a4,3.483752965927124,2.902015209197998,train
18,he_79c1cf,1.9115641117095947,1.4968376159667969,train
18,le_979e21,15.322639465332031,15.903450965881348,validation
18,le_cdc6f7,4.137654781341553,2.8251168727874756,train
18,he_9cb669,2.417966604232788,2.2375147342681885,train
18,le_4ce813,5.2511162757873535,2.6122941970825195,train
18,le_7e7fc0,15.637803077697754,11.751147270202637,validation
18,he_e212a9,1.904160737991333,1.4235711097717285,train
19,le_073aa1,12.788676261901855,11.106987953186035,validation
19,he_3c82e8,2.965665102005005,2.873746156692505,train
19,he_b6c479,1.3204505443572998,0.15512865781784058,train
19,le_30e20c,11.708819389343262,11.281688690185547,validation
19,he_fa06a9,1.5201613903045654,0.9232209920883179,train
19,he_cea795,11.762646675109863,17.573673248291016,validation
19,he_08e37a,13.228528022766113,20.958955764770508,validation
19,le_0a5d4e,1.3560385704040527,1.1703073978424072,train
19,le_3958a2,12.967297554016113,13.675771713256836,validation
19,he_0d9729,15.001053810119629,23.61008644104004,validation
19,he_ba5ede,11.209489822387695,17.254131317138672,validation
19,le_dfd865,15.178290367126465,15.60987663269043,validation
19,he_5655ff,2.1635067462921143,1.9385961294174194,train
19,le_7ebcc8,5.220745086669922,4.7516398429870605,train
19,he_f4a966,11.584330558776855,17.572948455810547,validation
19,le_e5ac33,12.222748756408691,9.796338081359863,validation
19,he_72e7fe,2.3783040046691895,1.6933066844940186,train
19,le_b76165,4.657793045043945,2.403925657272339,train
19,he_427324,11.376237869262695,16.317447662353516,validation
19,le_db96c1,12.7275972366333,12.067109107971191,validation
19,le_52f6c1,3.978545904159546,3.2526254653930664,train
19,he_975d5e,9.516637802124023,12.348328590393066,validation
19,he_d48ae7,1.7277618646621704,0.9142081141471863,train
19,le_ea9d6d,5.1481242179870605,3.8309662342071533,train
19,le_53a988,4.848775863647461,2.6575067043304443,train
19,he_eb2012,11.2944917678833,17.556236267089844,validation
19,le_c38bd0,12.938385963439941,11.727073669433594,validation
19,le_5e5ef6,4.52101469039917,3.00060772895813,train
19,he_576ce7,10.817529678344727,16.887418746948242,validation
19,le_ddc92b,2.158142328262329,2.090081214904785,train
19,le_8fa52e,4.888713359832764,3.8927016258239746,train
19,le_3311e0,11.626869201660156,10.162881851196289,validation
19,he_efff46,11.253602981567383,16.52318572998047,validation
19,he_9bfb55,13.7864990234375,21.23390007019043,validation
19,he_b88cd5,1.3870291709899902,0.45281627774238586,train
19,le_6b47df,11.341315269470215,10.965576171875,validation
19,le_41d9a8,16.087505340576172,15.755510330200195,validation
19,le_abd17d,13.40034294128418,13.826087951660156,validation
19,he_d7ab7a,11.686676025390625,17.191801071166992,validation
19,he_37c841,1.7619141340255737,0.5283185243606567,train
19,le_8be674,3.4636809825897217,1.7879718542099,train
19,he_462116,10.654438972473145,15.272321701049805,validation
19,he_9c8776,1.9533520936965942,1.48404860496521,train
19,he_85dce2,1.4913175106048584,0.7512606382369995,train
19,he_b62c7a,9.953228950500488,15.06442642211914,validation
19,le_9b9507,4.672314643859863,3.4562528133392334,train
19,le_9b5ef6,14.209371566772461,11.208616256713867,validation
19,he_615aad,1.5533719062805176,0.9938886165618896,train
19,he_3e980e,3.999652624130249,4.934345722198486,train
19,he_6eadd8,9.145574569702148,13.175101280212402,validation
19,le_6571ef,13.181082725524902,8.704854965209961,validation
19,le_587750,4.3606157302856445,2.9136531352996826,train
19,le_b4c6a4,3.484433889389038,2.9059624671936035,train
19,he_79c1cf,1.8958841562271118,1.4898566007614136,train
19,le_979e21,15.418449401855469,16.013221740722656,validation
19,le_cdc6f7,4.253597736358643,2.9501068592071533,train
19,he_9cb669,2.49546217918396,2.3642637729644775,train
19,le_4ce813,5.277369976043701,2.5846686363220215,train
19,le_7e7fc0,15.76614761352539,11.826684951782227,validation
19,he_e212a9,1.9662429094314575,1.4747931957244873,train
